Well,Depth,Legend
1/3-1,11221.0,Thin section no. 117
1/3-1,11221.0,Thin section no. 118
1/3-5,4809.0,Thin section no. 121
1/3-5,4812.0,Thin section no. 122
1/3-5,4805.35,Thin section no. 2319
1/3-5,4810.35,Thin section no. 2320
1/6-1,15117.0,Thin section no. 124
1/9-1,3048.0,Thin section no. 133
1/9-1,3061.0,Thin section no. 134
1/9-1,3070.0,Thin section no. 135
1/9-1,3105.0,Thin section no. 136
1/9-1,3116.0,Thin section no. 137
1/9-1,3134.0,Thin section no. 138
1/9-1,3144.0,Thin section no. 139
1/9-1,3149.0,Thin section no. 140
1/9-1,3154.0,Thin section no. 141
1/9-1,3160.0,Thin section no. 142
1/9-1,3217.0,Thin section no. 143
1/9-1,3226.0,Thin section no. 144
1/9-1,3233.0,Thin section no. 145
1/9-1,3328.0,Thin section no. 146
1/9-1,3336.0,Thin section no. 147
15/12-3,4426.94,Thin section no. 2346
15/12-3,4429.93,Thin section no. 2347
15/12-3,4431.12,Thin section no. 2348
15/3-1 S,4083.5,Thin section no. 2357
15/3-1 S,4084.75,Thin section no. 2358
15/3-1 S,4085.5,Thin section no. 2359
15/3-1 S,4141.5,Thin section no. 2360
15/3-1 S,4143.5,Thin section no. 2361
15/3-1 S,4145.0,Thin section no. 2362
15/3-1 S,4146.25,Thin section no. 2363
15/3-1 S,4148.25,Thin section no. 2364
15/3-2,4402.53,Thin section no. 2365
15/3-2,4403.17,Thin section no. 2366
15/3-2,4403.34,Thin section no. 2367
15/3-8,4170.25,Thin section no. 2368
15/3-8,4176.5,Thin section no. 2369
15/3-8,4180.3,Thin section no. 2370
15/3-8,4205.44,Thin section no. 2371
15/3-8,4209.2,Thin section no. 2372
15/3-8,4211.75,Thin section no. 2373
15/3-8,4218.5,Thin section no. 2374
15/3-8,4223.0,Thin section no. 2375
15/3-8,4228.75,Thin section no. 2376
15/3-8,4236.5,Thin section no. 2377
15/3-8,4244.0,Thin section no. 2378
15/3-8,4247.5,Thin section no. 2379
15/3-8,4254.5,Thin section no. 2380
15/3-8,4268.5,Thin section no. 2381
15/3-8,4270.6,Thin section no. 2382
15/3-8,4285.75,Thin section no. 2383
15/3-8,4292.0,Thin section no. 2384
15/3-8,4298.75,Thin section no. 2385
15/3-8,4483.54,Thin section no. 2386
15/3-8,4488.0,Thin section no. 2387
15/3-8,4501.25,Thin section no. 2388
15/6-3,11390.0,Thin section no. 148
15/9-9,3032.56,Thin section no. 2342
15/9-9,3035.03,Thin section no. 2343
15/9-9,3036.03,Thin section no. 2344
15/9-9,3041.02,Thin section no. 2345
16/1-1,2250.0,Thin section no. 150
16/1-1,2250.0,Thin section no. 151
16/1-1,2250.0,Thin section no. 152
16/1-1,2250.0,Thin section no. 153
16/1-1,2251.0,Thin section no. 154
16/1-1,2251.0,Thin section no. 155
16/1-1,2251.0,Thin section no. 156
16/1-1,2251.0,Thin section no. 157
16/1-1,2251.0,Thin section no. 158
16/1-1,2251.0,Thin section no. 159
16/1-1,2251.0,Thin section no. 160
16/1-1,2251.0,Thin section no. 161
16/1-1,2251.0,Thin section no. 162
16/1-2,2711.14,Thin section no. 2168
16/1-2,2426.29,Thin section no. 2169
16/1-2,2429.32,Thin section no. 2170
16/1-2,2432.35,Thin section no. 2171
16/1-2,2435.38,Thin section no. 2172
16/1-2,2438.41,Thin section no. 2173
16/1-2,2441.44,Thin section no. 2174
16/1-2,2444.47,Thin section no. 2175
16/1-2,2447.5,Thin section no. 2176
16/1-2,2450.53,Thin section no. 2177
16/1-2,2453.56,Thin section no. 2178
16/1-2,2456.59,Thin section no. 2179
16/1-2,2459.62,Thin section no. 2180
16/1-2,2462.65,Thin section no. 2181
16/1-2,2465.68,Thin section no. 2182
16/1-2,2477.8,Thin section no. 2183
16/1-2,2501.04,Thin section no. 2184
16/1-2,2522.25,Thin section no. 2185
16/1-2,2543.46,Thin section no. 2186
16/1-2,2564.67,Thin section no. 2187
16/1-2,2585.88,Thin section no. 2188
16/1-2,2603.06,Thin section no. 2189
16/1-2,2624.27,Thin section no. 2190
16/1-2,2645.48,Thin section no. 2191
16/1-2,2666.69,Thin section no. 2192
16/1-2,2690.93,Thin section no. 2193
16/5-1,1941.0,Thin section no. 167
16/5-1,1883.0,Thin section no. 168
16/6-1,2059.0,Thin section no. 169
16/6-1,2059.0,Thin section no. 170
16/6-1,2061.0,Thin section no. 171
17/4-1,2278.7,Thin section no. 172
17/4-1,2283.1,Thin section no. 173
17/4-1,2884.9,Thin section no. 174
17/4-1,3381.25,Thin section no. 175
17/4-1,3881.95,Thin section no. 2349
17/4-1,3883.35,Thin section no. 2350
2/11-1,12695.0,Thin section no. 386
2/11-6 S,3721.36,Thin section no. 1985
2/11-6 S,3722.5,Thin section no. 1986
2/11-6 S,3718.2,Thin section no. 1987
2/11-6 S,3720.0,Thin section no. 1988
2/11-A-2,3412.5,Thin section no. 1993
2/11-A-2,3417.2,Thin section no. 1994
2/11-A-2,3414.5,Thin section no. 1995
2/1-2,3331.6,Thin section no. 176
2/12-1,4637.0,Thin section no. 387
2/12-1,4646.0,Thin section no. 388
2/12-1,4656.0,Thin section no. 389
2/12-1,4662.0,Thin section no. 390
2/12-1,4665.0,Thin section no. 391
2/12-1,4671.0,Thin section no. 392
2/1-4,4036.0,Thin section no. 177
2/1-4,4038.0,Thin section no. 178
2/1-4,4043.0,Thin section no. 179
2/1-4,4048.0,Thin section no. 180
2/1-4,4056.0,Thin section no. 181
2/1-4,4061.0,Thin section no. 182
2/1-4,4065.0,Thin section no. 183
2/1-4,4076.0,Thin section no. 184
2/1-4,4088.0,Thin section no. 185
2/1-4,4096.0,Thin section no. 186
2/1-4,4106.0,Thin section no. 187
2/1-4,4116.0,Thin section no. 188
2/1-4,4127.0,Thin section no. 189
2/1-4,4130.0,Thin section no. 190
2/1-4,4138.0,Thin section no. 191
2/1-6,4127.0,Thin section no. 192
2/1-6,4164.0,Thin section no. 193
2/1-6,4181.0,Thin section no. 194
2/1-6,4197.0,Thin section no. 195
2/1-6,4334.0,Thin section no. 196
2/1-6,4354.0,Thin section no. 197
2/1-6,4363.0,Thin section no. 198
2/1-6,4374.0,Thin section no. 199
2/1-6,4391.0,Thin section no. 200
2/1-7,5115.05,Thin section no. 2321
2/1-7,5116.35,Thin section no. 2322
2/1-7,5116.65,Thin section no. 2323
2/1-7,5119.35,Thin section no. 2324
2/1-7,5122.35,Thin section no. 2325
2/1-7,5125.0,Thin section no. 2326
2/1-7,5125.35,Thin section no. 2327
2/1-7,5126.35,Thin section no. 2328
2/1-7,5148.65,Thin section no. 2329
2/1-7,5156.35,Thin section no. 2330
2/1-7,5164.65,Thin section no. 2331
2/2-1,3358.0,Thin section no. 201
2/2-1,3361.0,Thin section no. 202
2/2-1,3364.0,Thin section no. 203
2/2-1,3714.0,Thin section no. 204
2/2-1,3716.0,Thin section no. 205
2/2-1,3720.0,Thin section no. 206
2/2-1,3721.0,Thin section no. 207
2/2-1,3730.0,Thin section no. 208
2/2-1,3737.0,Thin section no. 209
2/2-2,1988.0,Thin section no. 210
2/2-2,1993.0,Thin section no. 211
2/2-2,2940.0,Thin section no. 212
2/3-4,3136.0,Thin section no. 213
2/4-1,10010.0,Thin section no. 214
2/4-1,10015.0,Thin section no. 215
2/4-2,10679.0,Thin section no. 217
2/4-2,10685.0,Thin section no. 218
2/4-2,10759.0,Thin section no. 219
2/4-3,10679.0,Thin section no. 230
2/4-3,10685.0,Thin section no. 231
2/4-3,10759.0,Thin section no. 232
2/4-3,149.0,Thin section no. 233
2/4-3,150.0,Thin section no. 234
2/4-3,151.0,Thin section no. 235
2/4-3,156.0,Thin section no. 236
2/4-3,157.0,Thin section no. 237
2/4-3,160.0,Thin section no. 238
2/4-3,161.0,Thin section no. 239
2/4-3,162.0,Thin section no. 240
2/4-3,165.0,Thin section no. 241
2/4-3,170.0,Thin section no. 242
2/4-4,10455.0,Thin section no. 245
2/4-4,10474.0,Thin section no. 246
2/4-4,10497.0,Thin section no. 247
2/4-4,16101.0,Thin section no. 248
2/4-4,21901.0,Thin section no. 250
2/4-5,10220.0,Thin section no. 252
2/4-5,10220.0,Thin section no. 253
2/4-5,10455.0,Thin section no. 254
2/4-5,10474.0,Thin section no. 255
2/4-5,10497.0,Thin section no. 256
2/4-5,10191.0,Thin section no. 257
2/4-5,10283.0,Thin section no. 258
2/4-5,10612.0,Thin section no. 259
2/4-5,10625.0,Thin section no. 260
2/4-A-8,10758.0,Thin section no. 261
2/4-A-8,10755.0,Thin section no. 262
2/4-A-8,10749.0,Thin section no. 263
2/4-A-8,10737.0,Thin section no. 265
2/4-A-8,10725.0,Thin section no. 267
2/4-A-8,10719.0,Thin section no. 268
2/4-A-8,10707.0,Thin section no. 270
2/4-A-8,10701.0,Thin section no. 271
2/4-A-8,10695.0,Thin section no. 272
2/4-A-8,10689.0,Thin section no. 273
2/4-A-8,10646.0,Thin section no. 279
2/4-A-8,10641.0,Thin section no. 280
2/4-A-8,10635.3,Thin section no. 281
2/4-A-8,10629.0,Thin section no. 282
2/4-A-8,10623.0,Thin section no. 283
2/4-C-8,9618.0,Thin section no. 284
2/4-C-8,9645.0,Thin section no. 285
2/4-C-8,9662.0,Thin section no. 286
2/4-C-8,9671.0,Thin section no. 287
2/4-C-8,9694.0,Thin section no. 288
2/4-C-8,9696.0,Thin section no. 289
2/4-C-8,9708.0,Thin section no. 291
2/4-C-8,9743.0,Thin section no. 292
2/4-C-8,9759.0,Thin section no. 293
2/4-C-8,9791.0,Thin section no. 294
2/4-C-8,9807.0,Thin section no. 295
2/4-C-8,9990.0,Thin section no. 296
2/4-C-8,10010.0,Thin section no. 297
2/4-C-8,10012.0,Thin section no. 298
2/4-C-8,10024.0,Thin section no. 299
2/4-C-8,10027.0,Thin section no. 300
2/4-C-8,10032.0,Thin section no. 301
2/4-C-8,10044.0,Thin section no. 302
2/4-C-8,10049.0,Thin section no. 303
2/4-C-8,10242.0,Thin section no. 304
2/4-C-8,10249.0,Thin section no. 305
2/4-C-8,10252.0,Thin section no. 306
2/4-F-10,10457.0,Thin section no. 307
2/4-F-10,10804.0,Thin section no. 308
2/4-F-10,10823.0,Thin section no. 309
2/4-F-10,10848.0,Thin section no. 310
2/4-F-10,10882.0,Thin section no. 311
2/5-1,10000.0,Thin section no. 312
2/5-1,10010.0,Thin section no. 313
2/5-1,10018.0,Thin section no. 314
2/5-1,10407.0,Thin section no. 322
2/5-2,10862.0,Thin section no. 323
2/6-1,3232.0,Thin section no. 324
2/6-1,3225.0,Thin section no. 325
2/6-1,3228.0,Thin section no. 326
2/6-1,3224.0,Thin section no. 327
2/6-1,3232.0,Thin section no. 328
2/6-1,2350.0,Thin section no. 329
2/6-1,2580.0,Thin section no. 330
2/6-2,4221.0,Thin section no. 331
2/6-2,4226.0,Thin section no. 332
2/6-5,3231.0,Thin section no. 2215
2/6-5,3234.0,Thin section no. 2216
2/6-5,3237.0,Thin section no. 2217
2/6-5,3240.0,Thin section no. 2218
2/6-5,3243.0,Thin section no. 2219
2/6-5,3246.0,Thin section no. 2220
2/6-5,3249.0,Thin section no. 2221
2/6-5,3252.0,Thin section no. 2222
2/6-5,3253.0,Thin section no. 2223
2/6-5,3254.0,Thin section no. 2224
2/7-14,14001.0,Thin section no. 338
2/7-14,14002.0,Thin section no. 339
2/7-14,14003.0,Thin section no. 340
2/7-14,14004.0,Thin section no. 341
2/7-14,14005.0,Thin section no. 342
2/7-14,14006.0,Thin section no. 343
2/7-14,14007.0,Thin section no. 344
2/7-14,14008.0,Thin section no. 345
2/7-14,14009.0,Thin section no. 346
2/7-14,14010.0,Thin section no. 347
2/7-14,14011.0,Thin section no. 348
2/7-14,14012.0,Thin section no. 349
2/7-14,14013.0,Thin section no. 350
2/7-14,14014.0,Thin section no. 351
2/7-14,14015.0,Thin section no. 352
2/7-14,14016.0,Thin section no. 353
2/7-14,14017.0,Thin section no. 354
2/7-14,14018.0,Thin section no. 355
2/7-14,14019.0,Thin section no. 356
2/7-14,14020.0,Thin section no. 357
2/7-14,14021.0,Thin section no. 358
2/7-14,14022.0,Thin section no. 359
2/7-14,14023.0,Thin section no. 360
2/7-2,9885.0,Thin section no. 333
2/7-2,9904.0,Thin section no. 334
2/7-29,4544.0,Thin section no. 2118
2/7-29,4540.65,Thin section no. 2119
2/7-29,4532.0,Thin section no. 2120
2/7-29,4529.65,Thin section no. 2121
2/7-29,4523.3,Thin section no. 2122
2/7-29,4517.65,Thin section no. 2123
2/7-29,4514.0,Thin section no. 2124
2/7-29,4508.85,Thin section no. 2125
2/7-29,4506.0,Thin section no. 2126
2/7-29,4504.05,Thin section no. 2127
2/7-29,4500.8,Thin section no. 2128
2/7-29,4493.35,Thin section no. 2129
2/7-29,4490.7,Thin section no. 2130
2/7-29,4487.85,Thin section no. 2131
2/7-29,4482.65,Thin section no. 2132
2/7-29,4477.65,Thin section no. 2133
2/7-B-11,11001.0,Thin section no. 361
2/7-B-11,11002.0,Thin section no. 362
2/7-B-11,11003.0,Thin section no. 363
2/7-B-11,11004.0,Thin section no. 364
2/7-B-11,11005.0,Thin section no. 365
2/7-B-11,11006.0,Thin section no. 366
2/7-B-11,11007.0,Thin section no. 367
2/7-B-11,11008.0,Thin section no. 368
2/7-B-11,11009.0,Thin section no. 369
2/7-B-11,11010.0,Thin section no. 370
2/7-B-11,11011.0,Thin section no. 371
2/7-B-11,11012.0,Thin section no. 372
2/7-B-11,11013.0,Thin section no. 373
2/7-B-11,11014.0,Thin section no. 374
2/7-B-11,11015.0,Thin section no. 375
2/7-B-11,11016.0,Thin section no. 376
2/7-B-11,11017.0,Thin section no. 377
2/7-B-11,11018.0,Thin section no. 378
2/7-B-11,11019.0,Thin section no. 379
2/7-B-11,11020.0,Thin section no. 380
2/7-B-11,11021.0,Thin section no. 381
2/7-B-11,11022.0,Thin section no. 382
2/7-B-11,11023.0,Thin section no. 383
2/8-A-1,2498.6,Thin section no. 1990
2/8-A-1,2463.7,Thin section no. 1991
2/8-A-1,2447.5,Thin section no. 1992
2/8-A-16 A,2822.5,Thin section no. 1983
2/8-A-4 A,2510.0,Thin section no. 1984
2/8-A-7 A,2741.0,Thin section no. 1989
2/9-2,3904.0,Thin section no. 384
2/9-2,3907.0,Thin section no. 385
24/12-2,4960.76,Thin section no. 2389
24/12-2,4962.5,Thin section no. 2390
24/12-2,4967.04,Thin section no. 2391
24/12-2,4967.6,Thin section no. 2392
24/12-2,4972.09,Thin section no. 2393
25/10-2 R,9884.0,Thin section no. 2351
25/10-2 R,9896.0,Thin section no. 2352
25/10-2 R,9910.0,Thin section no. 2353
25/10-2 R,9950.0,Thin section no. 2354
25/10-2 R,9965.5,Thin section no. 2355
25/10-2 R,9976.0,Thin section no. 2356
25/11-1,991.0,Thin section no. 455
25/11-1,1879.0,Thin section no. 456
25/11-1,1896.0,Thin section no. 457
25/11-1,1904.0,Thin section no. 458
25/11-1,1938.0,Thin section no. 472
25/11-1,1936.0,Thin section no. 473
25/11-1,6215.0,Thin section no. 474
25/1-7,1922.0,Thin section no. 395
25/1-7,1980.0,Thin section no. 396
25/1-7,2080.0,Thin section no. 397
25/1-7,2120.0,Thin section no. 398
25/1-7,2124.0,Thin section no. 399
25/1-7,2167.0,Thin section no. 400
25/1-7,2068.0,Thin section no. 401
25/1-7,2181.0,Thin section no. 402
25/1-7,2181.0,Thin section no. 403
25/1-7,2182.0,Thin section no. 404
25/1-7,2182.0,Thin section no. 405
25/1-7,2190.0,Thin section no. 406
25/1-7,2192.0,Thin section no. 407
25/1-7,2195.0,Thin section no. 408
25/1-7,2199.0,Thin section no. 409
25/1-7,2199.0,Thin section no. 410
25/1-7,2199.0,Thin section no. 411
25/1-7,2200.0,Thin section no. 412
25/1-7,2217.0,Thin section no. 413
25/1-7,2218.0,Thin section no. 414
25/1-7,2223.0,Thin section no. 415
25/1-7,2230.0,Thin section no. 416
25/1-7,2416.0,Thin section no. 417
25/1-8 S,1948.0,Thin section no. 418
25/2-1,1952.0,Thin section no. 419
25/2-5,3385.0,Thin section no. 420
25/2-5,3384.0,Thin section no. 421
25/4-1,2104.0,Thin section no. 422
25/4-1,2412.0,Thin section no. 423
25/4-1,3222.0,Thin section no. 424
25/4-1,3229.0,Thin section no. 425
25/4-1,3229.0,Thin section no. 426
25/4-1,3230.0,Thin section no. 427
25/4-1,3295.0,Thin section no. 428
25/4-1,3224.0,Thin section no. 429
25/4-1,3296.0,Thin section no. 430
25/4-1,3380.0,Thin section no. 431
25/4-1,3298.0,Thin section no. 432
25/4-1,3298.0,Thin section no. 433
25/4-1,3324.0,Thin section no. 434
25/7-2,4131.0,Thin section no. 2394
25/7-2,4146.25,Thin section no. 2395
25/7-2,4148.25,Thin section no. 2396
25/7-2,4152.75,Thin section no. 2397
25/7-2,4160.25,Thin section no. 2398
25/7-2,4166.0,Thin section no. 2399
25/7-2,4168.0,Thin section no. 2400
25/8-1,1754.0,Thin section no. 435
25/8-1,1754.0,Thin section no. 436
25/8-1,1755.0,Thin section no. 437
25/8-1,1756.0,Thin section no. 438
25/8-1,1754.0,Thin section no. 439
25/8-1,5866.0,Thin section no. 443
25/8-1,5845.0,Thin section no. 444
25/8-1,5862.0,Thin section no. 445
25/8-1,5875.0,Thin section no. 446
25/8-1,6042.5,Thin section no. 447
25/8-1,5776.5,Thin section no. 448
25/8-1,5869.0,Thin section no. 449
25/8-1,5836.0,Thin section no. 450
25/8-1,5773.0,Thin section no. 451
25/8-1,5825.5,Thin section no. 452
25/8-1,7767.0,Thin section no. 453
25/8-1,7740.0,Thin section no. 454
29/3-1,3546.25,Thin section no. 1154
29/6-1,4328.5,Thin section no. 1286
29/6-1,4323.1,Thin section no. 1287
29/6-1,4317.8,Thin section no. 1288
29/6-1,4312.7,Thin section no. 1289
29/6-1,4303.2,Thin section no. 1290
29/6-1,4299.0,Thin section no. 1291
29/6-1,4294.0,Thin section no. 1292
29/6-1,4289.2,Thin section no. 1293
29/6-1,4281.3,Thin section no. 1294
29/6-1,4275.0,Thin section no. 1295
29/6-1,4271.0,Thin section no. 1296
29/6-1,4259.2,Thin section no. 1297
29/6-1,4237.0,Thin section no. 1298
29/6-1,4231.9,Thin section no. 1299
29/6-1,4228.5,Thin section no. 1300
29/6-1,4225.0,Thin section no. 1301
29/6-1,4222.08,Thin section no. 1302
29/6-1,4219.9,Thin section no. 1303
3/7-3,3338.0,Thin section no. 476
3/7-3,3344.0,Thin section no. 477
3/7-3,3346.0,Thin section no. 478
30/10-A-4,2035.0,Thin section no. 483
30/10-A-4,2037.0,Thin section no. 484
30/10-A-4,2040.0,Thin section no. 485
30/10-A-4,2063.0,Thin section no. 486
30/10-A-4,2128.0,Thin section no. 487
30/10-A-4,2143.0,Thin section no. 488
30/2-1,3972.5,Thin section no. 2213
30/2-1,3980.0,Thin section no. 2214
30/2-2,4134.68,Thin section no. 1245
30/2-2,4132.38,Thin section no. 1246
30/2-2,4124.7,Thin section no. 1247
30/2-2,4106.35,Thin section no. 1248
30/2-2,4106.02,Thin section no. 1249
30/2-2,4098.9,Thin section no. 1250
30/2-2,4093.3,Thin section no. 1251
30/2-2,4089.65,Thin section no. 1252
30/2-2,4086.65,Thin section no. 1253
30/2-2,4082.65,Thin section no. 1254
30/2-2,4078.65,Thin section no. 1255
30/2-2,4040.25,Thin section no. 1256
30/2-2,4020.73,Thin section no. 1257
30/2-2,3984.42,Thin section no. 1258
30/2-2,3973.67,Thin section no. 1259
30/2-2,3968.45,Thin section no. 1260
30/2-2,4116.65,Thin section no. 1261
30/2-2,3963.74,Thin section no. 1262
30/2-2,3957.82,Thin section no. 1263
30/2-2,3955.7,Thin section no. 1264
30/2-2,3951.45,Thin section no. 1265
30/2-2,3944.9,Thin section no. 1266
30/2-2,3939.95,Thin section no. 1267
30/3-2,3074.4,Thin section no. 2204
30/3-2,3078.1,Thin section no. 2205
30/3-2,3085.1,Thin section no. 2206
30/3-2,3091.6,Thin section no. 2207
30/3-2,3097.2,Thin section no. 2208
30/3-2 R,2895.0,Thin section no. 1314
30/3-2 R,3073.7,Thin section no. 1315
30/3-2 R,3078.0,Thin section no. 1316
30/3-2 R,3081.8,Thin section no. 1317
30/3-2 R,3098.0,Thin section no. 1318
30/3-2 R,3121.0,Thin section no. 1319
30/3-2 R,3295.45,Thin section no. 1320
30/3-2 R,3304.7,Thin section no. 1321
30/3-2 R,3306.1,Thin section no. 1322
30/3-7 B,4346.4,Thin section no. 2209
30/3-7 B,4351.65,Thin section no. 2210
30/3-7 S,4694.55,Thin section no. 1304
30/3-7 S,4697.5,Thin section no. 1305
30/3-7 S,4701.75,Thin section no. 1306
30/3-7 S,4710.5,Thin section no. 1307
30/3-7 S,4715.3,Thin section no. 1308
30/3-7 S,4722.5,Thin section no. 1309
30/3-7 S,4733.75,Thin section no. 1310
30/3-7 S,4744.8,Thin section no. 1311
30/3-7 S,4754.55,Thin section no. 1312
30/3-7 S,4866.0,Thin section no. 1313
30/3-A-7,3568.9,Thin section no. 2211
30/3-A-7,3591.7,Thin section no. 2212
30/3-A-8,5522.66,Thin section no. 2199
30/3-A-8,5535.6,Thin section no. 2200
30/6-11,3505.75,Thin section no. 1268
30/6-11,3503.3,Thin section no. 1269
30/6-11,3494.3,Thin section no. 1270
30/6-11,3486.5,Thin section no. 1271
30/6-11,3482.8,Thin section no. 1272
30/6-11,3476.3,Thin section no. 1273
30/6-11,3471.8,Thin section no. 1274
30/6-11,3464.6,Thin section no. 1275
30/6-11,3461.5,Thin section no. 1276
30/6-11,3461.2,Thin section no. 1277
30/6-11,3453.4,Thin section no. 1278
30/6-8,2769.0,Thin section no. 479
30/6-8,2772.0,Thin section no. 480
30/6-8,2778.0,Thin section no. 481
30/6-8,2783.0,Thin section no. 482
31/2-18,1500.5,Thin section no. 1979
31/2-18,1501.5,Thin section no. 1980
31/2-18,1515.1,Thin section no. 1981
31/2-3,1414.0,Thin section no. 489
31/2-3,1433.0,Thin section no. 490
31/2-3,1443.0,Thin section no. 491
31/2-3,1450.0,Thin section no. 492
31/2-3,1471.0,Thin section no. 493
31/2-3,1487.0,Thin section no. 494
31/2-3,1493.0,Thin section no. 495
31/2-3,1505.0,Thin section no. 496
31/2-3,1513.0,Thin section no. 497
31/2-3,1523.0,Thin section no. 498
31/2-3,1534.0,Thin section no. 499
31/2-3,1540.0,Thin section no. 500
31/2-3,1554.0,Thin section no. 501
31/2-3,1558.0,Thin section no. 502
31/2-3,1564.0,Thin section no. 503
31/2-3,1566.0,Thin section no. 504
31/2-3,1569.0,Thin section no. 505
31/2-3,1575.0,Thin section no. 506
31/2-3,1580.0,Thin section no. 507
31/2-3,1586.0,Thin section no. 508
31/2-3,1587.0,Thin section no. 509
31/2-3,1628.0,Thin section no. 511
31/2-5,1540.0,Thin section no. 512
31/2-5,1545.0,Thin section no. 513
31/2-5,1556.0,Thin section no. 514
31/2-5,1559.0,Thin section no. 515
31/2-5,1567.0,Thin section no. 516
31/2-5,1570.0,Thin section no. 517
31/2-5,1574.0,Thin section no. 518
31/2-5,1601.0,Thin section no. 519
31/2-5,1605.0,Thin section no. 520
31/2-5,1608.0,Thin section no. 521
31/2-5,1618.0,Thin section no. 522
31/2-5,1621.0,Thin section no. 523
31/2-5,1626.0,Thin section no. 524
31/2-M-42,1554.5,Thin section no. 1982
31/3-3,1971.0,Thin section no. 525
31/3-3,1907.0,Thin section no. 526
31/3-3,1907.0,Thin section no. 527
31/3-3,1904.0,Thin section no. 528
31/3-3,1902.0,Thin section no. 529
31/3-3,1901.0,Thin section no. 530
31/3-3,1900.0,Thin section no. 531
31/3-3,1896.0,Thin section no. 532
31/3-3,1892.0,Thin section no. 533
31/3-3,1892.0,Thin section no. 534
31/3-3,1891.0,Thin section no. 535
31/3-3,1889.0,Thin section no. 536
31/3-3,1887.0,Thin section no. 537
31/3-3,1886.0,Thin section no. 538
31/3-3,1877.0,Thin section no. 539
31/3-3,1872.0,Thin section no. 540
31/3-3,1870.0,Thin section no. 541
31/3-3,1870.0,Thin section no. 542
31/3-3,1869.0,Thin section no. 543
31/3-3,1856.0,Thin section no. 544
31/3-3,1845.0,Thin section no. 545
31/3-3,1843.0,Thin section no. 546
31/3-3,1841.0,Thin section no. 547
31/4-5,2068.0,Thin section no. 548
31/4-5,2070.0,Thin section no. 549
31/4-5,2104.0,Thin section no. 550
31/4-5,2107.0,Thin section no. 551
31/4-5,2113.0,Thin section no. 552
31/4-5,2115.0,Thin section no. 553
31/4-5,2122.0,Thin section no. 554
31/4-5,2128.0,Thin section no. 555
31/4-5,2130.0,Thin section no. 556
31/4-5,2135.0,Thin section no. 557
31/4-5,2151.0,Thin section no. 558
31/4-5,2160.0,Thin section no. 559
31/4-5,2166.0,Thin section no. 560
31/4-5,2207.0,Thin section no. 561
31/4-5,2222.0,Thin section no. 562
31/6-5,1491.0,Thin section no. 563
31/6-5,1493.0,Thin section no. 564
31/6-5,1514.0,Thin section no. 565
31/6-5,1517.0,Thin section no. 566
31/6-5,1591.0,Thin section no. 567
31/6-5,1525.0,Thin section no. 568
31/6-5,1573.0,Thin section no. 569
31/6-5,1537.0,Thin section no. 570
31/6-5,1541.0,Thin section no. 571
31/6-5,1547.0,Thin section no. 572
31/6-5,1557.0,Thin section no. 573
31/6-5,1562.0,Thin section no. 574
31/6-5,1580.0,Thin section no. 575
31/6-5,1587.0,Thin section no. 576
31/6-5,1602.0,Thin section no. 577
31/6-5,1611.0,Thin section no. 578
31/6-5,1622.0,Thin section no. 579
31/6-5,1628.0,Thin section no. 580
31/6-5,1638.0,Thin section no. 581
31/6-5,1647.0,Thin section no. 582
31/6-5,1653.0,Thin section no. 583
31/6-5,1711.0,Thin section no. 585
31/6-6,1637.0,Thin section no. 586
31/6-6,1568.0,Thin section no. 587
31/6-6,1517.5,Thin section no. 588
31/6-6,1513.8,Thin section no. 589
31/6-6,1505.6,Thin section no. 590
33/9-12,2565.0,Thin section no. 607
33/9-16,2681.5,Thin section no. 2271
33/9-16,2687.77,Thin section no. 2272
33/9-16,2701.52,Thin section no. 2273
33/9-16,2713.6,Thin section no. 2274
33/9-16,2719.5,Thin section no. 2275
33/9-16,2721.78,Thin section no. 2276
33/9-16,2733.2,Thin section no. 2277
33/9-16,2741.45,Thin section no. 2278
33/9-16,2743.58,Thin section no. 2279
33/9-18,2967.4,Thin section no. 2280
33/9-18,2972.03,Thin section no. 2281
33/9-18,2972.8,Thin section no. 2282
33/9-18,2973.48,Thin section no. 2283
33/9-18,3045.65,Thin section no. 2284
33/9-18,3047.7,Thin section no. 2285
33/9-18,3049.5,Thin section no. 2286
33/9-18,3052.45,Thin section no. 2287
33/9-18,3053.21,Thin section no. 2288
33/9-18,3234.57,Thin section no. 2289
33/9-18,3238.02,Thin section no. 2290
33/9-18 A,3397.1,Thin section no. 2291
33/9-18 A,3402.02,Thin section no. 2292
33/9-18 A,3402.85,Thin section no. 2293
33/9-3,8089.0,Thin section no. 591
33/9-3,8462.0,Thin section no. 592
33/9-3,8403.5,Thin section no. 593
33/9-3,8556.5,Thin section no. 594
33/9-3,8527.0,Thin section no. 595
33/9-3,8331.0,Thin section no. 596
33/9-8,2694.0,Thin section no. 597
33/9-8,2699.0,Thin section no. 598
33/9-8,2702.0,Thin section no. 599
33/9-8,2760.0,Thin section no. 600
33/9-8,2690.0,Thin section no. 601
33/9-8,2696.0,Thin section no. 602
33/9-8,2700.0,Thin section no. 603
33/9-8,2704.0,Thin section no. 604
33/9-8,2710.0,Thin section no. 605
33/9-8,2746.0,Thin section no. 606
33/9-9,2748.45,Thin section no. 1996
33/9-9,2751.45,Thin section no. 1997
33/9-9,2756.3,Thin section no. 1998
33/9-9,2759.2,Thin section no. 1999
33/9-9,2764.55,Thin section no. 2000
33/9-9,2765.88,Thin section no. 2001
33/9-9,2782.55,Thin section no. 2002
33/9-9,2799.6,Thin section no. 2003
33/9-9,2809.3,Thin section no. 2004
33/9-9,2722.85,Thin section no. 2005
33/9-A-23,2554.2,Thin section no. 617
33/9-A-23,2549.7,Thin section no. 618
33/9-A-23,2593.2,Thin section no. 619
33/9-A-23,2616.37,Thin section no. 620
33/9-A-23,2622.5,Thin section no. 621
33/9-A-23,3022.0,Thin section no. 622
33/9-A-23,3019.0,Thin section no. 623
33/9-A-23,3013.0,Thin section no. 624
33/9-A-23,3005.0,Thin section no. 625
33/9-A-23,2986.0,Thin section no. 626
33/9-A-23,2633.0,Thin section no. 627
33/9-A-23,2593.0,Thin section no. 628
33/9-A-23,2589.0,Thin section no. 629
33/9-A-23,2547.0,Thin section no. 630
33/9-A-23,2502.0,Thin section no. 631
33/9-A-23,2506.0,Thin section no. 632
33/9-A-23,3467.0,Thin section no. 633
33/9-A-23,3431.0,Thin section no. 634
33/9-A-23,2508.0,Thin section no. 635
33/9-A-23,3020.0,Thin section no. 636
33/9-A-42,3352.0,Thin section no. 637
33/9-A-42,3325.0,Thin section no. 638
33/9-A-42,3382.0,Thin section no. 639
33/9-A-42,3421.0,Thin section no. 640
33/9-A-42,3382.0,Thin section no. 641
33/9-A-42,3466.85,Thin section no. 642
33/9-A-42,3441.55,Thin section no. 643
33/9-A-42,3431.05,Thin section no. 644
33/9-A-9,3156.7,Thin section no. 611
33/9-A-9,3162.7,Thin section no. 612
33/9-A-9,3164.6,Thin section no. 613
33/9-A-9,3177.5,Thin section no. 614
33/9-A-9,3180.0,Thin section no. 615
33/9-A-9,3182.7,Thin section no. 616
34/10-15,1936.0,Thin section no. 697
34/10-15,1923.0,Thin section no. 698
34/10-15,1903.0,Thin section no. 699
34/10-15,1895.0,Thin section no. 700
34/10-15,1889.0,Thin section no. 701
34/10-15,1870.0,Thin section no. 702
34/10-23,4285.55,Thin section no. 1208
34/10-23,4291.0,Thin section no. 1209
34/10-23,4295.94,Thin section no. 1210
34/10-23,4300.0,Thin section no. 1211
34/10-23,4306.8,Thin section no. 1212
34/10-23,4098.05,Thin section no. 1213
34/10-23,4104.05,Thin section no. 1214
34/10-23,4118.05,Thin section no. 1215
34/10-23,4137.22,Thin section no. 1216
34/10-23,4170.7,Thin section no. 1217
34/10-23,4187.67,Thin section no. 1218
34/10-23,4205.9,Thin section no. 1219
34/10-23,4239.64,Thin section no. 1220
34/10-23,4253.0,Thin section no. 1221
34/10-23,4261.12,Thin section no. 1222
34/10-23,4270.97,Thin section no. 1223
34/10-23,4281.56,Thin section no. 1224
34/10-23,4082.16,Thin section no. 1225
34/10-23,4089.4,Thin section no. 1226
34/10-23,4095.1,Thin section no. 1227
34/10-23,4186.55,Thin section no. 2201
34/10-23,4256.8,Thin section no. 2202
34/10-23,4275.0,Thin section no. 2203
34/10-4,1882.0,Thin section no. 651
34/10-4,1827.0,Thin section no. 652
34/10-4,1836.0,Thin section no. 653
34/10-4,1841.0,Thin section no. 654
34/10-4,1847.0,Thin section no. 655
34/10-4,1858.0,Thin section no. 656
34/10-4,1870.0,Thin section no. 657
34/10-4,1876.0,Thin section no. 658
34/10-4,1882.0,Thin section no. 659
34/10-4,1893.0,Thin section no. 660
34/10-4,1834.0,Thin section no. 661
34/10-4,1891.0,Thin section no. 662
34/10-42 S,4246.65,Thin section no. 1228
34/10-42 S,4237.75,Thin section no. 1229
34/10-42 S,4232.75,Thin section no. 1230
34/10-42 S,4225.78,Thin section no. 1231
34/10-42 S,4223.0,Thin section no. 1232
34/10-42 S,4221.77,Thin section no. 1233
34/10-42 S,4219.42,Thin section no. 1234
34/10-5,1911.0,Thin section no. 663
34/10-5,1912.0,Thin section no. 664
34/10-5,1914.0,Thin section no. 665
34/10-5,1918.0,Thin section no. 666
34/10-5,1921.0,Thin section no. 667
34/10-5,1924.0,Thin section no. 668
34/10-5,1926.0,Thin section no. 669
34/10-5,1931.0,Thin section no. 670
34/10-5,1932.0,Thin section no. 671
34/10-5,1934.0,Thin section no. 672
34/10-5,1950.0,Thin section no. 673
34/10-5,1952.0,Thin section no. 674
34/10-5,1955.0,Thin section no. 675
34/10-5,1959.0,Thin section no. 676
34/10-7,1818.9,Thin section no. 677
34/10-7,1818.0,Thin section no. 678
34/10-7,1822.8,Thin section no. 679
34/10-7,1823.1,Thin section no. 680
34/10-7,1825.7,Thin section no. 681
34/10-7,1828.7,Thin section no. 682
34/10-7,1834.7,Thin section no. 683
34/10-7,1838.7,Thin section no. 684
34/10-7,1877.4,Thin section no. 685
34/10-7,1849.1,Thin section no. 686
34/10-7,1815.0,Thin section no. 687
34/10-7,1823.0,Thin section no. 688
34/10-7,1826.0,Thin section no. 689
34/10-7,1833.0,Thin section no. 690
34/10-7,1836.0,Thin section no. 691
34/10-7,1845.0,Thin section no. 692
34/10-7,1879.0,Thin section no. 693
34/10-8,1840.0,Thin section no. 694
34/10-8,1828.0,Thin section no. 695
34/10-8,1842.0,Thin section no. 696
34/11-1,4099.64,Thin section no. 1189
34/11-1,4117.77,Thin section no. 1190
34/11-1,4129.75,Thin section no. 1191
34/11-1,4158.1,Thin section no. 1192
34/11-1,4161.56,Thin section no. 1193
34/11-1,4162.8,Thin section no. 1194
34/11-1,4169.5,Thin section no. 1195
34/11-1,4170.75,Thin section no. 1196
34/11-1,4172.05,Thin section no. 1197
34/11-1,4175.0,Thin section no. 1198
34/11-1,4182.8,Thin section no. 1199
34/11-1,4197.8,Thin section no. 1200
34/11-1,4205.8,Thin section no. 1201
34/11-1,4212.79,Thin section no. 1202
34/11-1,4054.3,Thin section no. 1203
34/11-1,4056.9,Thin section no. 1204
34/11-1,4058.7,Thin section no. 1205
34/11-1,4074.49,Thin section no. 1206
34/11-1,4081.72,Thin section no. 1207
34/11-2 S,4222.95,Thin section no. 1168
34/11-2 S,4237.14,Thin section no. 1169
34/11-2 S,4242.73,Thin section no. 1170
34/11-2 S,4248.56,Thin section no. 1171
34/11-2 S,4251.75,Thin section no. 1172
34/11-2 S,4255.47,Thin section no. 1173
34/11-2 S,4257.7,Thin section no. 1174
34/11-2 S,4263.1,Thin section no. 1175
34/11-2 S,4281.95,Thin section no. 1176
34/11-2 S,4083.05,Thin section no. 1177
34/11-2 S,4086.8,Thin section no. 1178
34/11-2 S,4094.72,Thin section no. 1179
34/11-2 S,4099.0,Thin section no. 1181
34/11-2 S,4099.68,Thin section no. 1182
34/11-2 S,4104.7,Thin section no. 1183
34/11-2 S,4109.55,Thin section no. 1184
34/11-2 S,4119.9,Thin section no. 1185
34/11-2 S,4127.88,Thin section no. 1186
34/11-2 S,4139.4,Thin section no. 1187
34/11-2 S,4134.23,Thin section no. 1188
34/11-3,4095.55,Thin section no. 2194
34/11-3,4110.8,Thin section no. 2195
34/11-3,4147.0,Thin section no. 2196
34/11-3,4163.3,Thin section no. 2197
34/11-3,4171.4,Thin section no. 2198
34/11-4,4153.0,Thin section no. 1114
34/11-4,4164.5,Thin section no. 1115
34/11-4,4168.45,Thin section no. 1116
34/11-4,4183.69,Thin section no. 1117
34/11-4,4189.1,Thin section no. 1118
34/11-4,4195.0,Thin section no. 1119
34/11-4,4196.0,Thin section no. 1120
34/11-4,4197.0,Thin section no. 1121
34/11-4,4198.0,Thin section no. 1122
34/11-4,4199.0,Thin section no. 1123
34/11-4,4200.0,Thin section no. 1124
34/11-4,4151.8,Thin section no. 1127
34/2-4,3833.65,Thin section no. 2042
34/2-4,3837.25,Thin section no. 2043
34/2-4,3835.35,Thin section no. 2044
34/2-4,3834.25,Thin section no. 2045
34/3-1 S,3920.08,Thin section no. 2006
34/3-1 S,3919.18,Thin section no. 2007
34/3-1 S,3912.68,Thin section no. 2008
34/3-1 S,3901.7,Thin section no. 2009
34/3-1 S,3901.4,Thin section no. 2010
34/3-1 S,3889.35,Thin section no. 2011
34/3-1 S,3881.7,Thin section no. 2012
34/3-1 S,3875.68,Thin section no. 2013
34/3-1 S,3869.67,Thin section no. 2014
34/3-1 S,3930.11,Thin section no. 2015
34/4-13 S,4915.6,Thin section no. 2091
34/4-13 S,4900.95,Thin section no. 2092
34/4-13 S,4845.24,Thin section no. 2093
34/4-13 S,4841.5,Thin section no. 2094
34/4-13 S,4811.88,Thin section no. 2095
34/4-13 S,4808.25,Thin section no. 2096
34/4-13 S,4804.67,Thin section no. 2097
34/4-13 S,4801.83,Thin section no. 2098
34/4-3,4358.8,Thin section no. 2054
34/4-3,4359.6,Thin section no. 2055
34/4-3,4365.3,Thin section no. 2056
34/4-3,4364.06,Thin section no. 2067
34/4-3,4358.07,Thin section no. 2068
34/4-5,3601.25,Thin section no. 2069
34/4-5,3595.75,Thin section no. 2070
34/4-5,3584.5,Thin section no. 2071
34/4-5,3579.0,Thin section no. 2072
34/4-5,3572.75,Thin section no. 2073
34/4-5,3568.0,Thin section no. 2074
34/4-5,3508.95,Thin section no. 2075
34/4-5,3487.6,Thin section no. 2076
34/4-5,3483.38,Thin section no. 2077
34/4-5,3480.75,Thin section no. 2078
34/4-5,3476.5,Thin section no. 2079
34/4-5,3474.2,Thin section no. 2080
34/4-5,3564.25,Thin section no. 2234
34/4-5,3572.5,Thin section no. 2235
34/4-5,3575.5,Thin section no. 2236
34/4-5,3579.25,Thin section no. 2237
34/4-5,3586.0,Thin section no. 2238
34/4-5,3591.0,Thin section no. 2239
34/4-5,3595.25,Thin section no. 2240
34/4-5,3599.25,Thin section no. 2241
34/7-1,2615.5,Thin section no. 645
34/7-1,2612.2,Thin section no. 646
34/7-1,2602.7,Thin section no. 647
34/7-1,2676.5,Thin section no. 648
34/7-1,2757.3,Thin section no. 649
34/7-2,4512.8,Thin section no. 2315
34/7-2,4514.7,Thin section no. 2316
34/7-2,4516.35,Thin section no. 2317
34/7-2,4518.9,Thin section no. 2318
34/7-21,1868.7,Thin section no. 2294
34/7-21,1875.65,Thin section no. 2295
34/7-21,2531.6,Thin section no. 2296
34/7-21,2537.35,Thin section no. 2297
34/7-21,2566.2,Thin section no. 2298
34/7-21,2566.8,Thin section no. 2299
34/7-21,2567.7,Thin section no. 2300
34/7-21,2568.5,Thin section no. 2301
34/7-21,2570.45,Thin section no. 2302
34/7-21,2571.4,Thin section no. 2303
34/7-21,2576.45,Thin section no. 2304
34/7-21 A,2704.12,Thin section no. 2257
34/7-21 A,2876.6,Thin section no. 2258
34/7-21 A,2879.27,Thin section no. 2259
34/7-21 A,2881.3,Thin section no. 2260
34/7-21 A,2884.4,Thin section no. 2261
34/7-21 A,2890.9,Thin section no. 2262
34/7-21 A,2893.85,Thin section no. 2263
34/7-21 A,2899.64,Thin section no. 2264
34/7-21 A,2903.73,Thin section no. 2265
34/7-21 A,2906.7,Thin section no. 2266
34/7-23 A,3203.2,Thin section no. 2267
34/7-23 A,3203.6,Thin section no. 2268
34/7-23 A,3221.5,Thin section no. 2269
34/7-23 A,3220.25,Thin section no. 2270
34/7-26 A,4154.4,Thin section no. 2305
34/7-26 A,4159.9,Thin section no. 2306
34/7-26 A,4167.28,Thin section no. 2307
34/7-26 A,4173.5,Thin section no. 2308
34/7-26 A,4179.8,Thin section no. 2309
34/7-26 A,4188.94,Thin section no. 2310
34/7-26 A,4207.2,Thin section no. 2311
34/7-26 A,4207.87,Thin section no. 2312
34/7-26 A,4219.58,Thin section no. 2313
34/7-26 A,4148.7,Thin section no. 2314
34/7-6,2605.75,Thin section no. 2081
34/7-6,2587.25,Thin section no. 2082
34/7-6,2572.5,Thin section no. 2083
34/7-6,2564.25,Thin section no. 2084
34/7-6,2561.0,Thin section no. 2085
34/7-6,2555.0,Thin section no. 2086
34/7-6,2541.0,Thin section no. 2087
34/7-6,2537.75,Thin section no. 2088
34/7-6,2524.5,Thin section no. 2089
34/7-6,2521.25,Thin section no. 2090
34/7-8,2297.0,Thin section no. 650
34/8-1,2855.55,Thin section no. 1130
34/8-1,4292.92,Thin section no. 1131
34/8-1,4273.76,Thin section no. 1132
34/8-1,2879.35,Thin section no. 1133
34/8-1,3519.45,Thin section no. 1134
34/8-1,3514.55,Thin section no. 1135
34/8-1,3512.3,Thin section no. 1136
34/8-1,3308.17,Thin section no. 1137
34/8-1,3298.3,Thin section no. 1138
34/8-1,3057.7,Thin section no. 1139
34/8-1,3047.68,Thin section no. 1140
34/8-1,2954.7,Thin section no. 1141
34/8-1,2943.16,Thin section no. 1142
34/8-1,2925.65,Thin section no. 1143
34/8-1,2911.6,Thin section no. 1144
34/8-1,2900.5,Thin section no. 1145
34/8-1,2889.3,Thin section no. 1146
34/8-1,2851.57,Thin section no. 1147
34/8-1,2847.73,Thin section no. 1148
34/8-1,2825.3,Thin section no. 1149
34/8-1,2814.7,Thin section no. 1150
34/8-1,2799.48,Thin section no. 1151
34/8-1,2789.2,Thin section no. 1152
34/8-1,2768.0,Thin section no. 1153
34/8-7,4471.13,Thin section no. 1155
34/8-7,4479.5,Thin section no. 1156
34/8-7,4483.73,Thin section no. 1157
34/8-7,4486.46,Thin section no. 1158
34/8-7,4489.06,Thin section no. 1159
34/8-7,4489.36,Thin section no. 1160
34/8-7,4648.4,Thin section no. 1161
34/8-7,4653.27,Thin section no. 1162
34/8-7,4655.9,Thin section no. 1163
34/8-7,5130.96,Thin section no. 1164
34/8-7,5422.54,Thin section no. 1165
34/8-7,5423.86,Thin section no. 1166
34/8-7,5427.53,Thin section no. 1167
34/8-7,5129.6,Thin section no. 2046
34/8-7,5118.2,Thin section no. 2047
34/8-7,4825.3,Thin section no. 2048
34/8-7,4817.2,Thin section no. 2049
35/10-1,1550.0,Thin section no. 2057
35/10-1,1340.0,Thin section no. 2058
35/10-1,1430.0,Thin section no. 2059
35/10-1,1310.0,Thin section no. 2060
35/10-1,1280.0,Thin section no. 2061
35/10-1,1370.0,Thin section no. 2062
35/10-1,1400.0,Thin section no. 2063
35/10-1,1460.0,Thin section no. 2064
35/10-1,1250.0,Thin section no. 2065
35/10-1,1050.0,Thin section no. 2066
35/10-2,4235.7,Thin section no. 1235
35/10-2,4227.5,Thin section no. 1236
35/10-2,4225.25,Thin section no. 1237
35/10-2,4220.76,Thin section no. 1238
35/10-2,4216.35,Thin section no. 1239
35/10-2,4207.85,Thin section no. 1240
35/10-2,4179.87,Thin section no. 1241
35/10-2,4164.74,Thin section no. 1242
35/10-2,4157.8,Thin section no. 1243
35/10-2,4156.2,Thin section no. 1244
35/11-12,3123.17,Thin section no. 1547
35/11-13,3133.0,Thin section no. 1543
35/11-13,3123.76,Thin section no. 1544
35/11-13,3111.43,Thin section no. 1545
35/11-13,3103.5,Thin section no. 1546
35/11-2,3043.36,Thin section no. 1548
35/11-6,3175.03,Thin section no. 1549
35/11-6,3163.48,Thin section no. 1550
35/11-6,3184.49,Thin section no. 1551
35/12-1,2602.65,Thin section no. 1539
35/12-1,2598.13,Thin section no. 1540
35/12-1,2439.47,Thin section no. 1541
35/3-2,3593.75,Thin section no. 1653
35/3-2,3594.55,Thin section no. 1654
35/3-2,3595.7,Thin section no. 1655
35/3-2,3596.65,Thin section no. 1656
35/3-2,3597.65,Thin section no. 1657
35/3-2,3598.6,Thin section no. 1658
35/3-2,3599.6,Thin section no. 1659
35/3-2,3600.85,Thin section no. 1660
35/3-2,3601.8,Thin section no. 1661
35/3-2,3602.8,Thin section no. 1662
35/3-2,3603.9,Thin section no. 1663
35/3-2,3604.65,Thin section no. 1664
35/3-2,3605.75,Thin section no. 1665
35/3-2,3606.75,Thin section no. 1666
35/3-2,3607.9,Thin section no. 1667
35/3-2,3608.9,Thin section no. 1668
35/3-2,3609.9,Thin section no. 1669
35/3-2,3611.4,Thin section no. 1670
35/3-2,3612.45,Thin section no. 1671
35/3-2,3613.6,Thin section no. 1672
35/3-2,3614.68,Thin section no. 1673
35/3-2,3615.2,Thin section no. 1674
35/3-2,3616.1,Thin section no. 1675
35/3-2,3625.0,Thin section no. 1676
35/3-2,3625.98,Thin section no. 1677
35/3-2,3628.1,Thin section no. 1678
35/3-2,3629.2,Thin section no. 1679
35/3-2,3629.45,Thin section no. 1680
35/3-2,3629.5,Thin section no. 1681
35/3-2,3632.82,Thin section no. 1682
35/3-2,3637.25,Thin section no. 1683
35/3-2,3692.25,Thin section no. 1684
35/3-2,3692.3,Thin section no. 1685
35/3-2,3693.5,Thin section no. 1686
35/3-2,3695.0,Thin section no. 1687
35/3-2,3696.0,Thin section no. 1688
35/3-2,3697.7,Thin section no. 1689
35/3-2,3697.75,Thin section no. 1690
35/3-2,3698.0,Thin section no. 1691
35/3-2,3698.75,Thin section no. 1692
35/3-2,3699.3,Thin section no. 1693
35/3-2,3700.75,Thin section no. 1694
35/3-2,3702.85,Thin section no. 1695
35/3-2,3703.85,Thin section no. 1696
35/3-2,3704.95,Thin section no. 1697
35/3-2,3705.95,Thin section no. 1698
35/3-2,3706.95,Thin section no. 1699
35/3-2,3747.7,Thin section no. 1700
35/3-2,3748.9,Thin section no. 1701
35/3-2,3950.93,Thin section no. 1702
35/3-2,3952.02,Thin section no. 1703
35/3-2,3953.15,Thin section no. 1704
35/3-2,3954.3,Thin section no. 1705
35/3-2,3955.8,Thin section no. 1706
35/3-2,3956.85,Thin section no. 1707
35/3-2,3957.9,Thin section no. 1708
35/3-2,3958.9,Thin section no. 1709
35/3-2,3960.2,Thin section no. 1710
35/3-2,3999.35,Thin section no. 1711
35/3-2,4001.0,Thin section no. 1712
35/3-2,4002.15,Thin section no. 1713
35/3-2,4003.15,Thin section no. 1714
35/3-2,4004.37,Thin section no. 1715
35/3-2,4005.3,Thin section no. 1716
35/3-2,4006.95,Thin section no. 1717
35/3-2,4007.9,Thin section no. 1718
35/3-2,4008.6,Thin section no. 1719
35/3-2,4009.7,Thin section no. 1720
35/3-4,3409.98,Thin section no. 1585
35/3-4,3401.78,Thin section no. 1586
35/3-4,3404.8,Thin section no. 1587
35/3-4,3405.85,Thin section no. 1588
35/3-4,3405.88,Thin section no. 1589
35/3-4,3406.48,Thin section no. 1590
35/3-4,3407.2,Thin section no. 1591
35/3-4,3408.25,Thin section no. 1592
35/3-4,3400.75,Thin section no. 1593
35/3-4,3410.0,Thin section no. 1594
35/3-4,3410.7,Thin section no. 1595
35/3-4,3411.98,Thin section no. 1596
35/3-4,3413.98,Thin section no. 1597
35/3-4,3447.3,Thin section no. 1598
35/3-4,3448.6,Thin section no. 1599
35/3-4,3449.75,Thin section no. 1600
35/3-4,3450.77,Thin section no. 1601
35/3-4,3450.8,Thin section no. 1602
35/3-4,3451.8,Thin section no. 1603
35/3-4,3452.83,Thin section no. 1604
35/3-4,3454.84,Thin section no. 1605
35/3-4,3455.95,Thin section no. 1606
35/3-4,3455.98,Thin section no. 1607
35/3-4,3456.96,Thin section no. 1608
35/3-4,3457.35,Thin section no. 1609
35/3-4,3457.4,Thin section no. 1610
35/3-4,3458.96,Thin section no. 1611
35/3-4,3459.58,Thin section no. 1612
35/3-4,3459.88,Thin section no. 1613
35/3-4,3460.99,Thin section no. 1614
35/3-4,3462.25,Thin section no. 1615
35/3-4,3463.2,Thin section no. 1616
35/3-4,3464.15,Thin section no. 1617
35/3-4,3465.0,Thin section no. 1618
35/3-4,3466.5,Thin section no. 1619
35/3-4,3467.7,Thin section no. 1620
35/3-4,3468.95,Thin section no. 1621
35/3-4,3469.3,Thin section no. 1622
35/3-4,3470.5,Thin section no. 1623
35/3-4,3471.23,Thin section no. 1624
35/3-4,3472.3,Thin section no. 1625
35/3-4,3473.0,Thin section no. 1626
35/3-4,3474.0,Thin section no. 1627
35/3-4,3474.05,Thin section no. 1628
35/3-4,3475.7,Thin section no. 1629
35/3-4,3475.76,Thin section no. 1630
35/3-4,3477.32,Thin section no. 1631
35/3-4,3477.36,Thin section no. 1632
35/3-4,3478.1,Thin section no. 1633
35/3-4,3479.72,Thin section no. 1634
35/3-4,3480.23,Thin section no. 1811
35/3-4,3481.05,Thin section no. 1812
35/3-4,3481.08,Thin section no. 1813
35/3-4,3482.2,Thin section no. 1814
35/3-4,3483.7,Thin section no. 1815
35/3-4,3485.75,Thin section no. 1816
35/3-4,3486.75,Thin section no. 1817
35/3-4,3487.72,Thin section no. 1818
35/3-4,3487.76,Thin section no. 1819
35/3-4,3488.6,Thin section no. 1820
35/3-4,3492.4,Thin section no. 1821
35/3-4,3493.25,Thin section no. 1822
35/3-4,3494.45,Thin section no. 1823
35/3-4,3494.88,Thin section no. 1824
35/3-4,3495.2,Thin section no. 1825
35/3-4,3496.4,Thin section no. 1826
35/3-4,3497.95,Thin section no. 1827
35/3-4,3499.0,Thin section no. 1828
35/3-4,3500.15,Thin section no. 1829
35/3-4,3501.15,Thin section no. 1830
35/3-4,3502.3,Thin section no. 1831
35/3-4,3503.35,Thin section no. 1832
35/3-4,3504.55,Thin section no. 1833
35/3-4,3505.23,Thin section no. 1834
35/3-4,3505.33,Thin section no. 1835
35/3-4,3506.2,Thin section no. 1836
35/3-4,3506.3,Thin section no. 1837
35/3-4,3507.05,Thin section no. 1838
35/3-4,3509.05,Thin section no. 1839
35/3-4,3510.3,Thin section no. 1840
35/3-4,3510.35,Thin section no. 1841
35/3-4,3510.88,Thin section no. 1842
35/3-4,3511.08,Thin section no. 1843
35/3-4,3511.12,Thin section no. 1844
35/3-4,3511.65,Thin section no. 1845
35/3-4,3511.7,Thin section no. 1846
35/3-4,3513.7,Thin section no. 1847
35/3-4,3514.75,Thin section no. 1848
35/3-4,3518.75,Thin section no. 1849
35/3-4,3519.68,Thin section no. 1850
35/3-4,3519.78,Thin section no. 1851
35/3-4,3520.65,Thin section no. 1852
35/3-4,3521.0,Thin section no. 1853
35/3-4,3539.8,Thin section no. 1854
35/3-4,3522.3,Thin section no. 1855
35/3-4,3523.75,Thin section no. 1856
35/3-4,3523.9,Thin section no. 1857
35/3-4,3524.85,Thin section no. 1858
35/3-4,3526.0,Thin section no. 1859
35/3-4,3527.35,Thin section no. 1860
35/3-4,3528.7,Thin section no. 1861
35/3-4,3529.7,Thin section no. 1862
35/3-4,3530.6,Thin section no. 1863
35/3-4,3536.15,Thin section no. 1864
35/3-4,3537.28,Thin section no. 1865
35/3-4,3538.6,Thin section no. 1866
35/3-4,4088.3,Thin section no. 1867
35/3-4,3542.2,Thin section no. 1868
35/3-4,4087.1,Thin section no. 1869
35/3-4,3525.0,Thin section no. 1870
35/3-4,3512.7,Thin section no. 1871
35/3-4,3521.06,Thin section no. 1872
35/3-5,3229.05,Thin section no. 1873
35/3-5,3229.2,Thin section no. 1874
35/3-5,3231.6,Thin section no. 1875
35/3-5,3233.15,Thin section no. 1876
35/3-5,3233.9,Thin section no. 1877
35/3-5,3236.25,Thin section no. 1878
35/3-5,3237.6,Thin section no. 1879
35/3-5,3240.65,Thin section no. 1880
35/3-5,3241.8,Thin section no. 1881
35/3-5,3241.88,Thin section no. 1882
35/3-5,3243.5,Thin section no. 1883
35/3-5,3244.95,Thin section no. 1884
35/3-5,3245.88,Thin section no. 1885
35/3-5,3248.05,Thin section no. 1886
35/3-5,3249.1,Thin section no. 1887
35/3-5,3250.35,Thin section no. 1888
35/3-5,3251.95,Thin section no. 1889
35/3-5,3253.85,Thin section no. 1890
35/3-5,3254.85,Thin section no. 1891
35/3-5,3254.9,Thin section no. 1892
35/3-5,3255.7,Thin section no. 1893
35/3-5,3257.1,Thin section no. 1894
35/3-5,3239.2,Thin section no. 1895
35/3-5,3258.88,Thin section no. 1896
35/3-5,3259.68,Thin section no. 1897
35/3-5,3260.03,Thin section no. 1898
35/3-5,3260.5,Thin section no. 1899
35/3-5,3260.75,Thin section no. 1900
35/3-5,3261.9,Thin section no. 1901
35/3-5,3262.45,Thin section no. 1902
35/3-5,3264.0,Thin section no. 1903
35/3-5,3264.5,Thin section no. 1904
35/3-5,3265.7,Thin section no. 1905
35/3-5,3266.85,Thin section no. 1906
35/3-5,3266.9,Thin section no. 1907
35/3-5,3267.5,Thin section no. 1908
35/3-5,3268.95,Thin section no. 1909
35/3-5,3269.0,Thin section no. 1910
35/3-5,3270.45,Thin section no. 1911
35/3-5,3270.5,Thin section no. 1912
35/3-5,3271.68,Thin section no. 1913
35/3-5,3271.73,Thin section no. 1914
35/3-5,3272.8,Thin section no. 1915
35/3-5,3273.8,Thin section no. 1916
35/3-5,3273.9,Thin section no. 1917
35/3-5,3274.35,Thin section no. 1918
35/3-5,3275.3,Thin section no. 1919
35/3-5,3275.35,Thin section no. 1920
35/3-5,3276.3,Thin section no. 1921
35/3-5,3276.73,Thin section no. 1922
35/3-5,3277.07,Thin section no. 1923
35/3-5,3277.1,Thin section no. 1924
35/3-5,3278.16,Thin section no. 1925
35/3-5,3278.26,Thin section no. 1926
35/3-5,3278.33,Thin section no. 1927
35/3-5,3280.15,Thin section no. 1928
35/3-5,3281.65,Thin section no. 1929
35/3-5,3283.4,Thin section no. 1930
35/3-5,3284.93,Thin section no. 1931
35/3-5,3285.72,Thin section no. 1932
35/3-5,3287.45,Thin section no. 1933
35/3-5,3287.57,Thin section no. 1934
35/3-5,3288.7,Thin section no. 1935
35/3-5,3290.5,Thin section no. 1936
35/3-5,3292.0,Thin section no. 1937
35/3-5,3227.75,Thin section no. 1938
35/8-2,3318.2,Thin section no. 1523
35/8-5 S,3420.75,Thin section no. 1578
35/8-5 S,3419.42,Thin section no. 1579
35/8-5 S,3410.78,Thin section no. 1580
35/8-5 S,3410.46,Thin section no. 1581
35/8-5 S,3409.76,Thin section no. 1582
35/8-5 S,3395.72,Thin section no. 1583
35/8-5 S,3394.66,Thin section no. 1584
35/9-1,2136.21,Thin section no. 1567
35/9-1,2134.1,Thin section no. 1568
35/9-1,2126.75,Thin section no. 1569
35/9-1,2123.46,Thin section no. 1570
35/9-1,2118.76,Thin section no. 1571
35/9-1,2115.45,Thin section no. 1572
35/9-1,2112.0,Thin section no. 1573
35/9-1,2108.71,Thin section no. 1574
35/9-1,2102.12,Thin section no. 1575
35/9-1,2100.5,Thin section no. 1576
35/9-1,2053.5,Thin section no. 1577
35/9-1,2266.5,Thin section no. 2050
35/9-1,2269.75,Thin section no. 2051
35/9-1,2280.5,Thin section no. 2052
35/9-1,2288.5,Thin section no. 2053
35/9-2,2508.46,Thin section no. 1552
35/9-2,2506.5,Thin section no. 1553
35/9-2,2490.45,Thin section no. 1554
35/9-2,2380.23,Thin section no. 1555
35/9-2,2366.49,Thin section no. 1556
35/9-2,2334.5,Thin section no. 1557
35/9-2,2326.48,Thin section no. 1558
35/9-2,2306.25,Thin section no. 1559
35/9-2,2301.5,Thin section no. 1560
35/9-2,2282.75,Thin section no. 1561
35/9-2,2273.5,Thin section no. 1562
35/9-2,2132.42,Thin section no. 1563
35/9-2,2127.72,Thin section no. 1564
35/9-2,2111.05,Thin section no. 1565
35/9-2,2278.5,Thin section no. 1566
36/7-1,2368.53,Thin section no. 1524
36/7-1,2362.25,Thin section no. 1525
36/7-1,2331.47,Thin section no. 1526
36/7-1,2317.48,Thin section no. 1527
36/7-1,2305.02,Thin section no. 1528
36/7-1,2276.78,Thin section no. 1529
36/7-1,2270.55,Thin section no. 1530
36/7-1,2251.5,Thin section no. 1531
36/7-1,2204.52,Thin section no. 1532
36/7-1,2193.5,Thin section no. 1533
36/7-1,2183.63,Thin section no. 1534
36/7-1,2173.5,Thin section no. 1535
36/7-1,2161.75,Thin section no. 1536
36/7-1,2132.67,Thin section no. 1537
36/7-1,2124.45,Thin section no. 1538
6/3-2,4089.0,Thin section no. 2332
6/3-2,4089.9,Thin section no. 2333
6201/11-1,2731.0,Thin section no. 1323
6201/11-1,2733.7,Thin section no. 1324
6201/11-1,2749.4,Thin section no. 1325
6201/11-1,2751.1,Thin section no. 1326
6201/11-1,2752.8,Thin section no. 1327
6201/11-1,2754.7,Thin section no. 1328
6201/11-1,2760.6,Thin section no. 1329
6201/11-1,2768.7,Thin section no. 1330
6201/11-1,2822.8,Thin section no. 1331
6201/11-1,2824.7,Thin section no. 1332
6201/11-1,2828.7,Thin section no. 1333
6201/11-1,2830.7,Thin section no. 1334
6201/11-1,2729.6,Thin section no. 1335
6201/11-1,2832.6,Thin section no. 1336
6201/11-1,2841.8,Thin section no. 1337
6201/11-1,2845.6,Thin section no. 1338
6201/11-1,2857.9,Thin section no. 1339
6201/11-1,2862.5,Thin section no. 1340
6201/11-1,2867.5,Thin section no. 1341
6201/11-1,2879.9,Thin section no. 1342
6201/11-1,2914.7,Thin section no. 1343
6201/11-1,2889.9,Thin section no. 1344
6407/2-1,2418.1,Thin section no. 704
6407/2-1,2428.6,Thin section no. 705
6407/2-1,2424.5,Thin section no. 706
6407/2-1,2434.3,Thin section no. 707
6407/2-1,2429.0,Thin section no. 708
6407/6-6,2123.65,Thin section no. 2242
6407/6-6,2128.25,Thin section no. 2243
6407/6-6,2135.5,Thin section no. 2244
6407/6-6,2218.8,Thin section no. 2245
6407/6-6,2229.1,Thin section no. 2246
6407/7-2,2701.6,Thin section no. 2225
6407/7-2,2710.9,Thin section no. 2226
6407/7-2,2806.9,Thin section no. 2227
6407/7-2,2811.6,Thin section no. 2228
6407/7-2,2842.6,Thin section no. 2229
6407/7-2,2853.6,Thin section no. 2230
6407/7-2,2868.3,Thin section no. 2231
6407/7-2,2895.4,Thin section no. 2232
6407/7-2,2911.9,Thin section no. 2233
6407/7-8,4481.75,Thin section no. 2247
6407/7-8,4573.5,Thin section no. 2248
6407/7-8,4770.25,Thin section no. 2249
6407/7-8,4829.48,Thin section no. 2250
6407/7-8,4879.25,Thin section no. 2251
6407/7-8,4941.0,Thin section no. 2252
6407/7-8,4949.0,Thin section no. 2253
6407/7-8,4958.75,Thin section no. 2254
6407/7-8,4966.25,Thin section no. 2255
6407/7-8,4969.0,Thin section no. 2256
6407/9-4,1674.0,Thin section no. 709
6407/9-4,1680.0,Thin section no. 710
6407/9-4,1681.0,Thin section no. 711
6407/9-4,1688.0,Thin section no. 712
6407/9-4,1688.0,Thin section no. 713
6407/9-4,1688.0,Thin section no. 714
6407/9-4,1691.0,Thin section no. 715
6407/9-4,1691.0,Thin section no. 716
6407/9-4,1691.0,Thin section no. 717
6407/9-4,1692.0,Thin section no. 718
6407/9-4,1692.0,Thin section no. 719
6407/9-4,1692.0,Thin section no. 720
6407/9-4,1692.0,Thin section no. 721
6407/9-5,1638.0,Thin section no. 722
6506/11-3,3144.48,Thin section no. 1726
6506/11-3,3145.84,Thin section no. 1727
6506/11-3,3148.68,Thin section no. 1728
6506/11-3,3149.49,Thin section no. 1729
6506/11-3,3152.64,Thin section no. 1730
6506/11-3,3159.16,Thin section no. 1731
6506/11-3,3423.5,Thin section no. 1732
6506/11-3,3937.0,Thin section no. 1733
6506/11-3,3937.25,Thin section no. 1734
6506/11-4 S,4266.38,Thin section no. 1735
6506/11-4 S,4272.12,Thin section no. 1736
6506/11-4 S,4273.0,Thin section no. 1737
6506/11-4 S,4276.95,Thin section no. 1738
6506/12-4,3129.35,Thin section no. 1739
6506/12-4,3136.35,Thin section no. 1740
6506/12-4,3138.35,Thin section no. 1741
6506/12-4,3139.35,Thin section no. 1742
6506/12-5,3175.05,Thin section no. 1743
6506/12-5,3178.65,Thin section no. 1744
6506/12-5,3182.35,Thin section no. 1745
6506/12-5,3184.75,Thin section no. 1746
6506/12-5,3158.1,Thin section no. 1810
6506/3-1,3104.41,Thin section no. 1721
6506/3-1,3106.0,Thin section no. 1722
6506/3-1,3106.64,Thin section no. 1723
6506/3-1,3108.25,Thin section no. 1724
6506/3-1,3108.5,Thin section no. 1725
6507/2-2,2824.25,Thin section no. 1747
6507/2-2,2825.0,Thin section no. 1748
6507/2-2,2826.25,Thin section no. 1749
6507/2-2,2828.05,Thin section no. 1750
6507/2-2,2831.25,Thin section no. 1751
6507/2-2,3281.0,Thin section no. 1752
6507/2-2,3282.5,Thin section no. 1753
6507/2-2,3284.0,Thin section no. 1754
6507/2-2,3286.5,Thin section no. 1755
6507/2-2,3287.75,Thin section no. 1756
6507/2-2,3291.75,Thin section no. 1757
6507/2-2,3335.5,Thin section no. 1758
6507/2-2,3337.25,Thin section no. 1759
6507/2-2,3337.5,Thin section no. 1760
6507/2-2,3687.5,Thin section no. 1761
6507/2-2,3690.0,Thin section no. 1762
6507/2-2,3691.65,Thin section no. 1763
6507/2-2,3692.45,Thin section no. 1764
6507/2-2,3694.22,Thin section no. 1765
6507/2-2,3695.5,Thin section no. 1766
6507/2-2,3698.5,Thin section no. 1767
6507/2-2,3698.75,Thin section no. 1768
6507/2-2,3771.25,Thin section no. 1769
6507/2-2,3777.0,Thin section no. 1770
6507/2-3,3259.22,Thin section no. 1771
6507/2-3,3260.25,Thin section no. 1772
6507/2-3,2857.8,Thin section no. 1808
6507/2-3,2872.33,Thin section no. 1809
6507/2-4,2836.0,Thin section no. 1773
6507/2-4,2837.0,Thin section no. 1774
6507/2-4,2839.5,Thin section no. 1775
6507/2-4,2842.5,Thin section no. 1776
6507/2-4,2844.45,Thin section no. 1777
6507/2-4,2846.5,Thin section no. 1778
6507/2-4,2849.75,Thin section no. 1779
6507/2-4,3334.6,Thin section no. 1780
6507/2-4,3336.05,Thin section no. 1781
6507/2-4,3339.5,Thin section no. 1782
6507/2-4,3340.05,Thin section no. 1783
6507/2-4,3340.45,Thin section no. 1784
6507/2-4,3340.57,Thin section no. 1785
6507/2-4,3340.9,Thin section no. 1786
6507/3-3,2733.45,Thin section no. 1806
6507/3-3,2742.55,Thin section no. 1807
6507/5-3,2836.55,Thin section no. 1787
6507/5-3,2845.0,Thin section no. 1788
6507/5-3,2848.0,Thin section no. 1789
6507/5-3,2850.25,Thin section no. 1790
6507/5-3,2853.5,Thin section no. 1791
6507/5-6 S,4436.88,Thin section no. 1795
6507/5-6 S,4438.73,Thin section no. 1796
6507/5-6 S,4439.35,Thin section no. 1797
6507/5-6 S,4441.34,Thin section no. 1798
6507/5-6 S,4442.52,Thin section no. 1799
6507/5-6 S,4445.95,Thin section no. 1800
6507/5-6 S,4446.6,Thin section no. 1801
6507/5-6 S,4448.3,Thin section no. 1802
6507/5-6 S,4450.55,Thin section no. 1803
6507/5-6 S,4452.36,Thin section no. 1804
6507/5-6 S,4453.95,Thin section no. 1805
6507/7-1,3504.2,Thin section no. 1792
6507/7-1,3507.25,Thin section no. 1793
6507/7-1,3509.65,Thin section no. 1794
7/11-1,9500.0,Thin section no. 728
7/11-1,9500.0,Thin section no. 729
7/11-1,9510.0,Thin section no. 730
7/11-1,9530.0,Thin section no. 731
7/11-1,9560.0,Thin section no. 732
7/11-1,9570.0,Thin section no. 733
7/11-1,9590.0,Thin section no. 734
7/11-1,9890.0,Thin section no. 735
7/11-1,10150.0,Thin section no. 736
7/11-1,9638.5,Thin section no. 737
7/11-3,10086.0,Thin section no. 738
7/11-3,10147.0,Thin section no. 739
7/11-3,10147.0,Thin section no. 740
7/11-3,10183.0,Thin section no. 741
7/11-3,10423.0,Thin section no. 742
7/3-1,14485.0,Thin section no. 2334
7/3-1,14516.1,Thin section no. 2335
7/3-1,14542.0,Thin section no. 2336
7/3-1,14933.5,Thin section no. 2337
7/3-1,14948.0,Thin section no. 2338
7/3-1,14953.5,Thin section no. 2339
7/3-1,14992.7,Thin section no. 2340
7/3-1,15003.5,Thin section no. 2341
7/3-1,1448.4,Thin section no. 723
7/3-1,14498.0,Thin section no. 724
7/3-1,14921.0,Thin section no. 725
7/3-1,14531.0,Thin section no. 726
7/8-2,9130.0,Thin section no. 727
7019/1-1,2221.25,Thin section no. 1431
7019/1-1,2227.55,Thin section no. 1432
7019/1-1,2228.25,Thin section no. 1433
7117/9-1,1357.7,Thin section no. 1434
7117/9-1,1364.14,Thin section no. 1435
7119/12-1,2984.75,Thin section no. 1360
7119/12-1,2993.0,Thin section no. 1361
7120/10-2,2127.55,Thin section no. 1436
7120/10-2,2129.5,Thin section no. 1437
7120/10-2,2134.92,Thin section no. 1438
7120/1-1,4001.3,Thin section no. 2464
7120/1-1,3192.55,Thin section no. 2465
7120/1-1,3194.2,Thin section no. 2466
7120/1-1,3190.7,Thin section no. 2467
7120/1-1,3188.65,Thin section no. 2468
7120/1-1,3187.35,Thin section no. 2469
7120/1-1,3186.62,Thin section no. 2470
7120/1-2,1816.15,Thin section no. 1458
7120/1-2,1817.32,Thin section no. 1459
7120/1-2,1961.72,Thin section no. 1460
7120/1-2,1962.73,Thin section no. 1461
7120/1-2,2581.8,Thin section no. 1462
7120/1-2,2583.48,Thin section no. 1463
7120/12-1,3521.4,Thin section no. 1403
7120/12-1,3523.19,Thin section no. 1404
7120/12-1,3525.1,Thin section no. 1405
7120/12-1,1543.15,Thin section no. 1518
7120/12-1,1543.85,Thin section no. 1519
7120/12-1,1544.15,Thin section no. 1520
7120/12-1,1703.5,Thin section no. 1521
7120/12-1,1704.0,Thin section no. 1522
7120/12-2,4679.71,Thin section no. 2455
7120/12-2,4124.0,Thin section no. 2456
7120/12-2,4119.74,Thin section no. 2457
7120/12-2,3684.9,Thin section no. 2458
7120/12-2,3675.6,Thin section no. 2459
7120/12-2,3671.2,Thin section no. 2460
7120/12-2,2048.15,Thin section no. 2461
7120/12-4,2182.7,Thin section no. 2498
7120/12-4,1516.95,Thin section no. 2499
7120/12-4,2190.2,Thin section no. 2500
7120/12-4,1520.5,Thin section no. 2501
7120/12-4,1530.02,Thin section no. 2502
7120/12-4,1531.52,Thin section no. 2503
7120/12-4,2183.27,Thin section no. 2504
7120/12-4,1519.95,Thin section no. 2505
7120/12-4,1525.88,Thin section no. 2506
7120/12-4,1654.65,Thin section no. 2507
7120/12-4,1657.95,Thin section no. 2508
7120/12-4,1661.05,Thin section no. 2509
7120/12-4,1514.1,Thin section no. 766
7120/12-4,1515.32,Thin section no. 767
7120/12-4,1518.6,Thin section no. 768
7120/12-4,1517.8,Thin section no. 769
7120/12-4,1525.9,Thin section no. 770
7120/12-4,1532.0,Thin section no. 771
7120/12-4,1654.75,Thin section no. 772
7120/12-4,1655.7,Thin section no. 773
7120/2-1,1961.0,Thin section no. 2033
7120/2-1,1961.3,Thin section no. 2034
7120/2-1,1964.1,Thin section no. 2035
7120/2-1,1965.05,Thin section no. 2036
7120/2-1,1967.2,Thin section no. 2037
7120/2-1,1992.5,Thin section no. 2038
7120/2-1,1998.9,Thin section no. 2039
7120/2-1,2008.7,Thin section no. 2040
7120/2-1,2020.15,Thin section no. 2041
7120/2-1,1960.5,Thin section no. 2516
7120/2-1,2221.9,Thin section no. 2517
7120/2-1,2158.7,Thin section no. 2518
7120/2-1,2173.35,Thin section no. 2519
7120/2-1,2171.5,Thin section no. 2520
7120/2-1,2147.5,Thin section no. 2521
7120/2-1,2137.7,Thin section no. 2522
7120/2-1,2048.35,Thin section no. 2523
7120/2-1,2028.7,Thin section no. 2524
7120/2-1,2027.15,Thin section no. 2525
7120/2-1,2025.75,Thin section no. 2526
7120/2-1,2017.7,Thin section no. 2527
7120/2-1,2015.75,Thin section no. 2528
7120/2-1,2010.9,Thin section no. 2529
7120/2-1,2009.3,Thin section no. 2530
7120/2-1,2008.9,Thin section no. 2531
7120/2-1,2000.05,Thin section no. 2532
7120/2-1,1997.8,Thin section no. 2533
7120/2-1,1996.3,Thin section no. 2534
7120/2-1,1993.95,Thin section no. 2535
7120/2-1,1990.4,Thin section no. 2536
7120/2-1,1987.4,Thin section no. 2537
7120/2-1,1986.65,Thin section no. 2538
7120/2-1,1983.45,Thin section no. 2539
7120/2-1,1981.5,Thin section no. 2540
7120/2-1,1979.6,Thin section no. 2541
7120/2-1,1978.7,Thin section no. 2542
7120/2-1,1976.78,Thin section no. 2543
7120/2-1,1974.5,Thin section no. 2544
7120/2-1,1973.4,Thin section no. 2545
7120/2-1,1971.9,Thin section no. 2546
7120/2-1,1970.2,Thin section no. 2547
7120/2-1,1969.7,Thin section no. 2548
7120/2-1,1969.35,Thin section no. 2549
7120/2-1,1968.5,Thin section no. 2550
7120/2-1,1967.7,Thin section no. 2551
7120/2-1,1967.5,Thin section no. 2552
7120/2-1,1965.95,Thin section no. 2553
7120/2-1,1965.6,Thin section no. 2554
7120/2-1,1964.4,Thin section no. 2555
7120/2-1,1963.8,Thin section no. 2556
7120/2-1,1963.65,Thin section no. 2557
7120/2-1,1963.45,Thin section no. 2558
7120/2-1,1962.9,Thin section no. 2559
7120/2-1,1961.4,Thin section no. 2560
7120/2-1,2223.6,Thin section no. 2561
7120/2-1,2047.0,Thin section no. 743
7120/2-1,2048.0,Thin section no. 744
7120/2-1,2049.0,Thin section no. 745
7120/2-1,2050.0,Thin section no. 746
7120/2-1,2050.0,Thin section no. 747
7120/2-1,2058.0,Thin section no. 748
7120/2-1,2059.0,Thin section no. 749
7120/2-1,2068.0,Thin section no. 750
7120/2-1,2069.0,Thin section no. 751
7120/2-1,2074.0,Thin section no. 752
7120/2-1,2076.0,Thin section no. 753
7120/2-1,2105.0,Thin section no. 754
7120/2-1,2128.0,Thin section no. 755
7120/2-1,2132.0,Thin section no. 756
7120/2-1,2141.0,Thin section no. 757
7120/2-1,2147.0,Thin section no. 758
7120/2-1,2150.0,Thin section no. 759
7120/2-1,2161.0,Thin section no. 760
7120/2-1,2162.0,Thin section no. 761
7120/2-1,2173.0,Thin section no. 762
7120/2-1,2212.0,Thin section no. 763
7120/2-2,2163.0,Thin section no. 1453
7120/2-2,2181.25,Thin section no. 1454
7120/2-2,2184.25,Thin section no. 1455
7120/2-2,2190.75,Thin section no. 1456
7120/2-2,2393.25,Thin section no. 1457
7120/5-1,2379.35,Thin section no. 1385
7120/5-1,2401.65,Thin section no. 1386
7120/5-1,2405.65,Thin section no. 1387
7120/5-1,2423.65,Thin section no. 1388
7120/6-1,2389.65,Thin section no. 1389
7120/6-1,2398.65,Thin section no. 1390
7120/6-1,2401.7,Thin section no. 1391
7120/6-1,2406.75,Thin section no. 1392
7120/6-1,2420.0,Thin section no. 1393
7120/6-1,2428.75,Thin section no. 1394
7120/6-1,2444.35,Thin section no. 1395
7120/6-1,2451.0,Thin section no. 1396
7120/6-1,2471.35,Thin section no. 1397
7120/6-1,2485.63,Thin section no. 1398
7120/6-1,2492.66,Thin section no. 1399
7120/6-1,2495.3,Thin section no. 1400
7120/6-1,2546.4,Thin section no. 1401
7120/6-1,2562.66,Thin section no. 1402
7121/1-1,3311.53,Thin section no. 2462
7121/1-1,3385.05,Thin section no. 2463
7121/5-1,2505.0,Thin section no. 1422
7121/5-1,2507.0,Thin section no. 1423
7121/5-1,2512.35,Thin section no. 1424
7121/5-1,2514.35,Thin section no. 1425
7121/5-1,2517.0,Thin section no. 1426
7121/5-1,2524.65,Thin section no. 1427
7121/5-1,2526.65,Thin section no. 1428
7121/5-1,2530.0,Thin section no. 1429
7121/5-1,2535.35,Thin section no. 1430
7121/5-3,1999.75,Thin section no. 1411
7121/5-3,2003.25,Thin section no. 1412
7121/5-3,2013.75,Thin section no. 1413
7122/2-1,1816.25,Thin section no. 1489
7122/2-1,1835.5,Thin section no. 1490
7122/2-1,1838.75,Thin section no. 1491
7122/2-1,1845.5,Thin section no. 1492
7122/2-1,1851.5,Thin section no. 1493
7122/2-1,1869.25,Thin section no. 1494
7122/2-1,1875.5,Thin section no. 1495
7122/2-1,1883.75,Thin section no. 1496
7122/2-1,1889.75,Thin section no. 1497
7122/2-1,1909.5,Thin section no. 1498
7122/2-1,1919.5,Thin section no. 1499
7122/2-1,1923.75,Thin section no. 1500
7122/2-1,1928.25,Thin section no. 1501
7122/6-1,2020.25,Thin section no. 1414
7122/6-1,2023.75,Thin section no. 1415
7122/6-1,2030.0,Thin section no. 1416
7122/6-1,2037.75,Thin section no. 1417
7122/6-1,2041.5,Thin section no. 1418
7122/6-1,2052.5,Thin section no. 1419
7122/6-1,2082.55,Thin section no. 1420
7122/6-1,2092.75,Thin section no. 1421
7122/6-2,2452.28,Thin section no. 1464
7122/6-2,2456.01,Thin section no. 1465
7122/6-2,2457.22,Thin section no. 1466
7122/6-2,2466.03,Thin section no. 1467
7122/6-2,2484.02,Thin section no. 1468
7122/6-2,2501.26,Thin section no. 1469
7122/6-2,2502.39,Thin section no. 1470
7122/7-2,1077.25,Thin section no. 1373
7122/7-2,1077.5,Thin section no. 1374
7122/7-2,1078.5,Thin section no. 1375
7122/7-2,1089.65,Thin section no. 1376
7122/7-2,1091.25,Thin section no. 1377
7122/7-2,1098.36,Thin section no. 1378
7122/7-2,1100.5,Thin section no. 1379
7122/7-2,1102.75,Thin section no. 1380
7122/7-2,1131.25,Thin section no. 1381
7122/7-2,1136.75,Thin section no. 1382
7122/7-2,1155.25,Thin section no. 1383
7122/7-2,1159.75,Thin section no. 1384
7122/7-3,1087.8,Thin section no. 1439
7122/7-3,1813.25,Thin section no. 1440
7122/7-3,1818.25,Thin section no. 1441
7122/7-3,1828.75,Thin section no. 1442
7122/7-4 S,1186.8,Thin section no. 1502
7122/7-4 S,1209.52,Thin section no. 1503
7122/7-4 S,1211.0,Thin section no. 1504
7122/7-4 S,1795.05,Thin section no. 1505
7122/7-4 S,1797.95,Thin section no. 1506
7122/7-4 S,1798.4,Thin section no. 1507
7122/7-4 S,1804.5,Thin section no. 1508
7122/7-4 S,1808.25,Thin section no. 1509
7122/7-4 S,1812.8,Thin section no. 1510
7122/7-4 S,1814.05,Thin section no. 1511
7122/7-4 S,1818.05,Thin section no. 1512
7122/7-4 S,1885.09,Thin section no. 1513
7122/7-4 S,2053.1,Thin section no. 1514
7122/7-4 S,2054.25,Thin section no. 1515
7122/7-4 S,2057.8,Thin section no. 1516
7122/7-4 S,2059.05,Thin section no. 1517
7122/7-5,1900.45,Thin section no. 1448
7122/7-5,1902.26,Thin section no. 1449
7122/7-5,1906.9,Thin section no. 1450
7122/7-5,1908.75,Thin section no. 1451
7122/7-5,1909.35,Thin section no. 1452
7125/1-1,1423.7,Thin section no. 1362
7125/1-1,1433.7,Thin section no. 1363
7125/4-1,885.2,Thin section no. 1471
7125/4-1,886.4,Thin section no. 1472
7125/4-1,887.2,Thin section no. 1473
7125/4-1,894.2,Thin section no. 1474
7125/4-1,899.8,Thin section no. 1475
7125/4-1,901.05,Thin section no. 1476
7125/4-1,904.5,Thin section no. 1477
7125/4-1,905.5,Thin section no. 1478
7128/4-1,1574.15,Thin section no. 2029
7128/4-1,1574.4,Thin section no. 2030
7128/4-1,1575.92,Thin section no. 2031
7128/4-1,1576.2,Thin section no. 2032
7128/4-1,1574.3,Thin section no. 2479
7128/4-1,1575.85,Thin section no. 2480
7128/4-1,1815.12,Thin section no. 2481
7128/4-1,1821.4,Thin section no. 2482
7128/4-1,1849.5,Thin section no. 2483
7128/4-1,1832.4,Thin section no. 2484
7128/4-1,1837.8,Thin section no. 2485
7128/4-1,1841.68,Thin section no. 2486
7128/4-1,1843.9,Thin section no. 2487
7128/4-1,1851.85,Thin section no. 2488
7128/4-1,1855.5,Thin section no. 2489
7128/4-1,1858.5,Thin section no. 2490
7128/4-1,1861.55,Thin section no. 2491
7128/4-1,1865.47,Thin section no. 2492
7128/4-1,2362.23,Thin section no. 2493
7128/4-1,2368.5,Thin section no. 2494
7128/4-1,2382.75,Thin section no. 2495
7128/4-1,2388.56,Thin section no. 2496
7128/4-1,2527.98,Thin section no. 2497
7128/6-1,1630.1,Thin section no. 2415
7128/6-1,1637.81,Thin section no. 2416
7128/6-1,1643.88,Thin section no. 2417
7128/6-1,1744.58,Thin section no. 2418
7128/6-1,1751.69,Thin section no. 2419
7128/6-1,1757.53,Thin section no. 2420
7128/6-1,1812.74,Thin section no. 2421
7128/6-1,1812.86,Thin section no. 2422
7128/6-1,1836.03,Thin section no. 2423
7128/6-1,1845.75,Thin section no. 2424
7128/6-1,1866.52,Thin section no. 2425
7128/6-1,1868.51,Thin section no. 2426
7128/6-1,1877.48,Thin section no. 2427
7128/6-1,1891.9,Thin section no. 2428
7128/6-1,1896.7,Thin section no. 2429
7128/6-1,1902.72,Thin section no. 2430
7128/6-1,1904.75,Thin section no. 2431
7128/6-1,1883.41,Thin section no. 2432
7128/6-1,1913.49,Thin section no. 2433
7128/6-1,1916.15,Thin section no. 2434
7128/6-1,1930.44,Thin section no. 2435
7128/6-1,1945.28,Thin section no. 2436
7128/6-1,1947.94,Thin section no. 2437
7128/6-1,1952.04,Thin section no. 2438
7128/6-1,1957.66,Thin section no. 2439
7128/6-1,1975.63,Thin section no. 2440
7128/6-1,1964.4,Thin section no. 2441
7128/6-1,1973.66,Thin section no. 2442
7128/6-1,1971.63,Thin section no. 2443
7128/6-1,1985.63,Thin section no. 2444
7128/6-1,1993.63,Thin section no. 2445
7128/6-1,1997.43,Thin section no. 2446
7128/6-1,2000.7,Thin section no. 2447
7128/6-1,2006.47,Thin section no. 2448
7128/6-1,2015.03,Thin section no. 2449
7128/6-1,2025.12,Thin section no. 2450
7128/6-1,2044.52,Thin section no. 2451
7128/6-1,2046.03,Thin section no. 2452
7128/6-1,2049.78,Thin section no. 2453
7128/6-1,2073.92,Thin section no. 2454
7131/4-1,1112.15,Thin section no. 1345
7131/4-1,1108.5,Thin section no. 1346
7131/4-1,1092.75,Thin section no. 1347
7131/4-1,1086.75,Thin section no. 1348
7131/4-1,1079.75,Thin section no. 1349
7131/4-1,1077.5,Thin section no. 1350
7131/4-1,1075.53,Thin section no. 1351
7131/4-1,1071.25,Thin section no. 1352
7131/4-1,932.5,Thin section no. 1353
7131/4-1,929.75,Thin section no. 1354
7131/4-1,924.15,Thin section no. 1355
7131/4-1,920.38,Thin section no. 1356
7131/4-1,915.4,Thin section no. 1357
7131/4-1,917.75,Thin section no. 1358
7131/4-1,937.2,Thin section no. 1359
7216/11-1 S,2988.03,Thin section no. 1443
7216/11-1 S,2989.03,Thin section no. 1444
7216/11-1 S,2991.5,Thin section no. 1445
7216/11-1 S,2992.75,Thin section no. 1446
7216/11-1 S,2993.02,Thin section no. 1447
7220/11-1,1906.3,Thin section no. 2631
7220/11-1,1907.6,Thin section no. 2632
7220/11-1,1915.82,Thin section no. 2633
7220/11-1,1918.28,Thin section no. 2634
7220/11-1,1923.01,Thin section no. 2635
7220/11-1,1924.25,Thin section no. 2636
7220/11-1,1930.8,Thin section no. 2637
7220/11-1,1935.72,Thin section no. 2638
7220/11-1,1936.6,Thin section no. 2639
7220/11-1,1941.75,Thin section no. 2640
7220/11-1,1946.55,Thin section no. 2641
7220/11-1,1949.27,Thin section no. 2642
7220/11-1,1950.77,Thin section no. 2643
7220/11-1,1951.35,Thin section no. 2644
7220/11-1,1953.55,Thin section no. 2645
7220/11-1,1954.57,Thin section no. 2646
7220/11-1,1959.1,Thin section no. 2647
7220/11-1,1960.2,Thin section no. 2648
7220/11-1,1963.83,Thin section no. 2649
7220/11-1,1965.2,Thin section no. 2650
7220/11-1,1971.72,Thin section no. 2651
7220/11-1,1973.35,Thin section no. 2652
7220/11-1,1974.18,Thin section no. 2653
7220/11-1,1976.89,Thin section no. 2654
7220/11-1,1977.35,Thin section no. 2655
7220/11-1,1988.0,Thin section no. 2656
7220/11-1,1902.0,Thin section no. 2657
7220/11-1,1977.0,Thin section no. 2658
7220/11-1,1983.0,Thin section no. 2659
7220/11-1,1989.0,Thin section no. 2660
7220/11-1,1995.0,Thin section no. 2661
7220/11-1,1998.0,Thin section no. 2662
7220/11-1,2001.0,Thin section no. 2663
7220/11-1,2004.0,Thin section no. 2664
7220/11-1,2007.0,Thin section no. 2665
7220/11-1,2013.0,Thin section no. 2666
7220/11-1,2016.0,Thin section no. 2667
7220/11-1,2019.0,Thin section no. 2668
7220/11-1,2022.0,Thin section no. 2669
7220/11-1,2025.0,Thin section no. 2670
7220/11-1,2031.0,Thin section no. 2671
7220/11-1,2034.0,Thin section no. 2672
7220/11-1,2037.0,Thin section no. 2673
7220/11-1,2043.0,Thin section no. 2674
7220/11-1,2049.0,Thin section no. 2675
7220/11-1,2055.0,Thin section no. 2676
7220/11-1,2061.0,Thin section no. 2677
7220/11-1,2067.0,Thin section no. 2678
7220/11-1,2073.0,Thin section no. 2679
7220/11-1,2076.0,Thin section no. 2680
7220/11-1,2079.0,Thin section no. 2681
7220/11-1,2085.0,Thin section no. 2682
7220/11-1,2091.0,Thin section no. 2683
7220/11-1,2097.0,Thin section no. 2684
7220/11-1,2100.0,Thin section no. 2685
7220/11-1,2103.0,Thin section no. 2686
7220/11-1,2106.0,Thin section no. 2687
7220/11-1,2109.0,Thin section no. 2688
7220/11-1,2112.0,Thin section no. 2689
7220/11-1,2118.0,Thin section no. 2690
7220/6-1,1149.7,Thin section no. 2017
7220/6-1,1149.95,Thin section no. 2018
7220/6-1,1150.5,Thin section no. 2019
7220/6-1,1153.25,Thin section no. 2020
7220/6-1,1155.95,Thin section no. 2021
7220/6-1,1156.6,Thin section no. 2022
7220/6-1,1161.4,Thin section no. 2023
7220/6-1,1168.8,Thin section no. 2024
7220/6-1,1169.9,Thin section no. 2025
7220/6-1,1191.55,Thin section no. 2026
7220/6-1,1199.9,Thin section no. 2027
7220/6-1,2136.75,Thin section no. 2028
7220/6-1,1143.45,Thin section no. 2401
7220/6-1,1150.95,Thin section no. 2402
7220/6-1,1154.8,Thin section no. 2403
7220/6-1,1160.7,Thin section no. 2404
7220/6-1,1162.45,Thin section no. 2405
7220/6-1,1172.82,Thin section no. 2406
7220/6-1,1176.24,Thin section no. 2407
7220/6-1,1176.52,Thin section no. 2408
7220/6-1,1176.87,Thin section no. 2409
7220/6-1,1190.36,Thin section no. 2410
7220/6-1,1190.5,Thin section no. 2411
7220/6-1,1191.92,Thin section no. 2412
7220/6-1,1194.95,Thin section no. 2413
7220/6-1,1195.87,Thin section no. 2414
7220/6-1,1140.0,Thin section no. 2563
7220/6-1,1145.0,Thin section no. 2564
7220/6-1,1207.0,Thin section no. 2565
7220/6-1,1210.0,Thin section no. 2566
7220/6-1,1215.0,Thin section no. 2567
7220/6-1,1220.0,Thin section no. 2568
7220/6-1,1225.0,Thin section no. 2569
7220/6-1,1230.0,Thin section no. 2570
7220/6-1,1235.0,Thin section no. 2571
7220/6-1,1240.0,Thin section no. 2572
7220/6-1,1245.0,Thin section no. 2573
7220/6-1,1250.0,Thin section no. 2574
7220/6-1,1255.0,Thin section no. 2575
7220/6-1,1260.0,Thin section no. 2576
7220/6-1,1265.0,Thin section no. 2577
7220/6-1,1270.0,Thin section no. 2578
7220/6-1,1275.0,Thin section no. 2579
7220/6-1,1280.0,Thin section no. 2580
7220/6-1,1285.0,Thin section no. 2581
7220/6-1,1290.0,Thin section no. 2582
7220/6-1,1295.0,Thin section no. 2583
7220/6-1,1300.0,Thin section no. 2584
7220/6-1,1305.0,Thin section no. 2585
7220/6-1,1310.0,Thin section no. 2586
7220/6-1,1315.0,Thin section no. 2587
7220/6-1,1320.0,Thin section no. 2588
7220/6-1,1325.0,Thin section no. 2589
7220/6-1,1330.0,Thin section no. 2590
7220/6-1,1335.0,Thin section no. 2591
7220/6-1,1340.0,Thin section no. 2592
7220/6-1,1345.0,Thin section no. 2593
7220/6-1,1350.0,Thin section no. 2594
7220/6-1,1355.0,Thin section no. 2595
7220/6-1,1360.0,Thin section no. 2596
7220/6-1,1365.0,Thin section no. 2597
7220/6-1,1370.0,Thin section no. 2598
7220/6-1,1375.0,Thin section no. 2599
7220/6-1,1380.0,Thin section no. 2600
7220/6-1,1385.0,Thin section no. 2601
7220/6-1,1390.0,Thin section no. 2602
7220/6-1,1397.0,Thin section no. 2603
7220/6-1,1400.0,Thin section no. 2604
7220/6-1,1405.0,Thin section no. 2605
7220/6-1,1412.0,Thin section no. 2606
7220/6-1,1415.0,Thin section no. 2607
7220/6-1,1420.0,Thin section no. 2608
7220/6-1,1425.0,Thin section no. 2609
7220/6-1,1427.0,Thin section no. 2610
7220/6-1,1435.0,Thin section no. 2611
7220/6-1,1440.0,Thin section no. 2612
7220/6-1,1445.0,Thin section no. 2613
7220/6-1,1450.0,Thin section no. 2614
7220/6-1,1455.0,Thin section no. 2615
7220/6-1,1460.0,Thin section no. 2616
7220/6-1,1465.0,Thin section no. 2617
7220/6-1,1470.0,Thin section no. 2618
7220/6-1,1477.0,Thin section no. 2619
7220/6-1,1480.0,Thin section no. 2620
7220/6-1,1482.0,Thin section no. 2621
7220/6-1,1155.86,Thin section no. 2622
7220/6-1,1160.82,Thin section no. 2623
7220/6-1,1169.76,Thin section no. 2624
7220/6-1,1170.95,Thin section no. 2625
7220/6-1,1179.75,Thin section no. 2626
7220/6-1,1185.82,Thin section no. 2627
7220/6-1,1183.72,Thin section no. 2628
7220/6-1,1196.24,Thin section no. 2629
7220/6-1,1202.45,Thin section no. 2630
7224/7-1,907.5,Thin section no. 1364
7224/7-1,914.75,Thin section no. 1365
7224/7-1,919.5,Thin section no. 1366
7224/7-1,922.75,Thin section no. 1367
7224/7-1,928.75,Thin section no. 1368
7226/11-1,1202.5,Thin section no. 1637
7226/11-1,1215.75,Thin section no. 1638
7226/11-1,1245.5,Thin section no. 1639
7226/11-1,2142.65,Thin section no. 1640
7226/11-1,2956.75,Thin section no. 1641
7226/11-1,3060.75,Thin section no. 1642
7226/11-1,3071.75,Thin section no. 1643
7226/11-1,4139.7,Thin section no. 2137
7226/11-1,4140.6,Thin section no. 2138
7226/11-1,4142.6,Thin section no. 2139
7226/11-1,4143.1,Thin section no. 2140
7226/11-1,4144.4,Thin section no. 2141
7226/11-1,4153.3,Thin section no. 2142
7226/11-1,4145.8,Thin section no. 2143
7226/11-1,4594.8,Thin section no. 2144
7226/11-1,4597.8,Thin section no. 2145
7226/11-1,4598.4,Thin section no. 2146
7226/11-1,4600.3,Thin section no. 2147
7226/11-1,4602.4,Thin section no. 2148
7226/11-1,4602.8,Thin section no. 2149
7226/11-1,4604.85,Thin section no. 2150
7226/11-1,4605.4,Thin section no. 2151
7226/11-1,4607.9,Thin section no. 2152
7226/11-1,4609.1,Thin section no. 2153
7226/11-1,4609.5,Thin section no. 2154
7226/11-1,4613.3,Thin section no. 2155
7226/11-1,4145.9,Thin section no. 2156
7228/2-1 S,1286.75,Thin section no. 1406
7228/2-1 S,1288.5,Thin section no. 1407
7228/2-1 S,1292.5,Thin section no. 1408
7228/2-1 S,1385.25,Thin section no. 1409
7228/2-1 S,1387.0,Thin section no. 1410
7228/9-1 S,1104.25,Thin section no. 1644
7228/9-1 S,1113.25,Thin section no. 1645
7228/9-1 S,1121.75,Thin section no. 1646
7228/9-1 S,1124.75,Thin section no. 1647
7228/9-1 S,1130.5,Thin section no. 1648
7228/9-1 S,2874.75,Thin section no. 1649
7228/9-1 S,2879.25,Thin section no. 1650
7228/9-1 S,4303.1,Thin section no. 2157
7228/9-1 S,4304.8,Thin section no. 2158
7228/9-1 S,4312.7,Thin section no. 2159
7228/9-1 S,4442.8,Thin section no. 2160
7228/9-1 S,4420.1,Thin section no. 2161
7228/9-1 S,4429.2,Thin section no. 2162
7228/9-1 S,4432.4,Thin section no. 2163
7228/9-1 S,4436.6,Thin section no. 2164
7228/9-1 S,4437.5,Thin section no. 2165
7228/9-1 S,4438.8,Thin section no. 2166
7228/9-1 S,4441.5,Thin section no. 2167
7229/11-1,4380.02,Thin section no. 2471
7229/11-1,4377.02,Thin section no. 2472
7229/11-1,4374.02,Thin section no. 2473
7229/11-1,4275.96,Thin section no. 2474
7229/11-1,4275.11,Thin section no. 2475
7229/11-1,4275.02,Thin section no. 2476
7229/11-1,4271.85,Thin section no. 2477
7229/11-1,4267.6,Thin section no. 2478
7316/5-1,899.85,Thin section no. 1479
7316/5-1,903.4,Thin section no. 1480
7316/5-1,905.9,Thin section no. 1481
7316/5-1,1350.35,Thin section no. 1482
7316/5-1,1365.55,Thin section no. 1483
7316/5-1,1368.7,Thin section no. 1484
7316/5-1,1461.35,Thin section no. 1485
7316/5-1,1464.63,Thin section no. 1486
7316/5-1,1465.63,Thin section no. 1487
7316/5-1,1469.9,Thin section no. 1488
7321/8-1,2840.25,Thin section no. 1651
7321/8-1,2844.44,Thin section no. 1652
7321/8-1,3431.35,Thin section no. 2134
7321/8-1,3430.3,Thin section no. 2135
7321/8-1,3430.5,Thin section no. 2136
7321/9-1,1379.5,Thin section no. 1369
7321/9-1,1380.75,Thin section no. 1370
7321/9-1,1388.5,Thin section no. 1371
7321/9-1,1397.75,Thin section no. 1372
7427/3-U-1,13.9,Thin section no. 1954
7427/3-U-1,14.4,Thin section no. 1955
7427/3-U-1,14.86,Thin section no. 1956
7427/3-U-1,14.93,Thin section no. 1957
7427/3-U-1,25.02,Thin section no. 1958
7427/3-U-1,15.53,Thin section no. 1959
7427/3-U-1,26.14,Thin section no. 1960
7427/3-U-1,26.81,Thin section no. 1961
7427/3-U-1,33.2,Thin section no. 1962
7427/3-U-1,33.46,Thin section no. 1963
7427/3-U-1,34.83,Thin section no. 1964
7427/3-U-1,44.53,Thin section no. 1965
7427/3-U-1,45.0,Thin section no. 1966
7427/3-U-1,55.05,Thin section no. 1967
7427/3-U-1,64.4,Thin section no. 1969
7427/3-U-1,70.03,Thin section no. 1971
7427/3-U-1,74.03,Thin section no. 1972
7427/3-U-1,76.75,Thin section no. 1973
7427/3-U-1,82.75,Thin section no. 1974
7427/3-U-1,85.13,Thin section no. 1975
7427/3-U-1,89.7,Thin section no. 1976
7427/3-U-1,64.03,Thin section no. 1977
7427/3-U-1,70.8,Thin section no. 1978
7532/2-U-1,13.13,Thin section no. 1949
7532/2-U-1,14.9,Thin section no. 1950
7532/2-U-1,17.61,Thin section no. 1951
7532/2-U-1,18.47,Thin section no. 1952
7532/2-U-1,19.83,Thin section no. 1953
7533/3-U-1,14.89,Thin section no. 1939
7533/3-U-1,6.58,Thin section no. 1940
7533/3-U-1,23.63,Thin section no. 1941
7533/3-U-1,26.17,Thin section no. 1942
7533/3-U-1,26.7,Thin section no. 1943
7533/3-U-1,27.3,Thin section no. 1944
7533/3-U-1,43.63,Thin section no. 1945
7533/3-U-1,39.96,Thin section no. 1946
7533/3-U-1,46.94,Thin section no. 1947
7533/3-U-1,48.24,Thin section no. 1948
8/12-1,6185.0,Thin section no. 791
8/12-1,6232.0,Thin section no. 792
8/3-1,2206.0,Thin section no. 774
8/3-1,2207.0,Thin section no. 775
8/3-1,2208.0,Thin section no. 776
8/3-1,2208.0,Thin section no. 777
8/3-1,2208.0,Thin section no. 778
8/3-1,2208.0,Thin section no. 779
8/3-1,2209.0,Thin section no. 780
8/3-1,2209.0,Thin section no. 781
8/3-1,2209.0,Thin section no. 782
8/3-1,2210.0,Thin section no. 783
8/3-1,2211.0,Thin section no. 784
8/3-1,2211.0,Thin section no. 785
8/3-1,2213.0,Thin section no. 786
8/3-1,2213.0,Thin section no. 787
8/3-1,2215.0,Thin section no. 788
8/3-1,2969.0,Thin section no. 789
8/3-1,3010.0,Thin section no. 790
9/4-3,3820.0,Thin section no. 793
9/4-3,3840.0,Thin section no. 794
9/4-3,3860.0,Thin section no. 795
9/4-3,3900.0,Thin section no. 796
